signal_date,code,name,entry_price_close,target_exit_date,lookback_high,market_strong
20250923,000250,,266500.0,20251117,0,True
20260119,000250,,277500.0,20260313,0,True
20260123,000250,,326000.0,20260319,0,True
20260126,000250,,368000.0,20260320,0,True
20260127,000250,,382500.0,20260323,0,True
20260128,000250,,414500.0,20260324,0,True
20260129,000250,,443000.0,20260325,0,True
20260130,000250,,499500.0,20260326,0,True
20260204,000250,,529000.0,20260331,0,True
20260205,000250,,539000.0,20260401,0,True
20260220,000250,,650000.0,20260416,0,True
20260223,000250,,656000.0,20260417,0,True
20260227,000250,,857000.0,20260423,0,True
20260323,000250,,930000.0,20260515,0,True
20260326,000250,,1150000.0,20260520,0,True
20260327,000250,,1161000.0,20260521,0,True
20260305,000440,,26100.0,20260429,0,True
20251210,002230,,5900.0,20260203,0,True
20251211,002230,,5630.0,20260204,0,True
20251212,002230,,6510.0,20260205,0,True
20251215,002230,,6890.0,20260206,0,True
20251216,002230,,6780.0,20260209,0,True
20251229,002230,,8540.0,20260220,0,True
20251230,002230,,9220.0,20260223,0,True
20260105,002230,,11050.0,20260227,0,True
20260119,002230,,14350.0,20260313,0,True
20260120,002230,,16100.0,20260316,0,True
20250711,003100,,23200.0,20250904,0,True
20260119,003310,,3930.0,20260313,0,True
20260120,003310,,4150.0,20260316,0,True
20260121,003310,,4570.0,20260317,0,True
20260203,003310,,5240.0,20260330,0,True
20250617,003380,,9930.0,20250811,0,True
20250702,003380,,10560.0,20250826,0,True
20251212,003380,,14300.0,20260205,0,True
20251215,003380,,12950.0,20260206,0,True
20260205,003380,,18800.0,20260401,0,True
20260202,005290,,54300.0,20260327,0,True
20250819,005670,,8040.0,20251013,0,True
20251024,005670,,9510.0,20251219,0,True
20251216,005710,,15320.0,20260209,0,True
20260108,006140,,8150.0,20260304,0,True
20260113,006140,,9200.0,20260309,0,True
20250723,006730,,10200.0,20250916,0,True
20250918,006730,,10990.0,20251112,0,True
20250919,006730,,11320.0,20251113,0,True
20251124,006730,,13040.0,20260116,0,True
20251212,006730,,15770.0,20260205,0,True
20260202,006730,,18410.0,20260327,0,True
20251013,006910,,5520.0,20251208,0,True
20260121,006910,,8350.0,20260317,0,True
20260122,006910,,8360.0,20260318,0,True
20260223,006910,,12680.0,20260417,0,True
20260304,006920,,6060.0,20260428,0,True
20260223,007330,,13500.0,20260417,0,True
20250731,007390,,35250.0,20250924,0,True
20250513,009620,,3590.0,20250707,0,True
20250520,009780,,8970.0,20250714,0,True
20250915,009780,,13200.0,20251107,0,True
20250912,010170,,1657.0,20251106,0,True
20251017,010170,,1812.0,20251212,0,True
20251103,010170,,2250.0,20251229,0,True
20251104,010170,,2850.0,20251230,0,True
20260130,010170,,3910.0,20260326,0,True
20260223,010170,,4140.0,20260417,0,True
20260224,010170,,4760.0,20260420,0,True
20260312,010170,,7370.0,20260506,0,True
20260313,010170,,7210.0,20260507,0,True
20260326,010170,,9190.0,20260520,0,True
20260403,010170,,11660.0,20260528,0,True
20260406,010170,,13200.0,20260529,0,True
20260407,010170,,13600.0,20260601,0,True
20260413,010170,,17810.0,20260605,0,True
20250610,010280,,1120.0,20250804,0,True
20250617,010280,,1280.0,20250811,0,True
20250624,010280,,1498.0,20250818,0,True
20260226,011560,,18310.0,20260422,0,True
20260112,012860,,2700.0,20260306,0,True
20260113,012860,,3365.0,20260309,0,True
20260114,012860,,4370.0,20260310,0,True
20260119,012860,,5850.0,20260313,0,True
20260413,013030,,42200.0,20260605,0,True
20260220,014620,,39950.0,20260416,0,True
20250528,014940,,6540.0,20250722,0,True
20250808,014940,,7850.0,20251002,0,True
20250909,014940,,12400.0,20251103,0,True
20250910,014940,,11760.0,20251104,0,True
20260312,015750,,11900.0,20260506,0,True
20260210,017650,,9470.0,20260406,0,True
20260211,017890,,11920.0,20260407,0,True
20250617,018000,,2015.0,20250811,0,True
20260112,019010,,3200.0,20260306,0,True
20260130,019010,,4275.0,20260326,0,True
20260205,019010,,4470.0,20260401,0,True
20260223,019010,,6000.0,20260417,0,True
20260127,019210,,6930.0,20260323,0,True
20260129,019210,,7860.0,20260325,0,True
20260130,019210,,8240.0,20260326,0,True
20260202,019210,,8530.0,20260327,0,True
20260209,019210,,10400.0,20260403,0,True
20260316,019210,,13580.0,20260508,0,True
20260313,019540,,8240.0,20260507,0,True
20260220,021080,,3655.0,20260416,0,True
20260223,021080,,3840.0,20260417,0,True
20250912,023160,,29600.0,20251106,0,True
20260323,023160,,35050.0,20260515,0,True
20260406,023160,,42050.0,20260529,0,True
20260407,023160,,44850.0,20260601,0,True
20260223,023410,,5060.0,20260417,0,True
20260224,023410,,5050.0,20260420,0,True
20250710,023760,,879.0,20250903,0,True
20260220,023760,,1110.0,20260416,0,True
20250909,023790,,3365.0,20251103,0,True
20250912,023790,,3720.0,20251106,0,True
20250710,023910,,33500.0,20250903,0,True
20260305,024060,,25850.0,20260429,0,True
20260306,024060,,35450.0,20260430,0,True
20260120,024880,,6600.0,20260316,0,True
20250613,025980,,10620.0,20250807,0,True
20250616,025980,,10280.0,20250808,0,True
20250625,025980,,11310.0,20250819,0,True
20250610,026040,,3195.0,20250804,0,True
20250801,026040,,3860.0,20250925,0,True
20250804,026040,,4300.0,20250926,0,True
20260318,027040,,446.0,20260512,0,True
20260130,027360,,4670.0,20260326,0,True
20260202,027360,,4805.0,20260327,0,True
20260204,027360,,5280.0,20260331,0,True
20260318,027360,,7620.0,20260512,0,True
20260326,027360,,8500.0,20260520,0,True
20260327,027360,,8690.0,20260521,0,True
20250520,030530,,5190.0,20250714,0,True
20250605,030530,,6150.0,20250730,0,True
20250827,030530,,7550.0,20251021,0,True
20250829,030530,,8310.0,20251023,0,True
20250909,030530,,9280.0,20251103,0,True
20250910,030530,,11830.0,20251104,0,True
20250911,030530,,11520.0,20251105,0,True
20250912,030530,,12200.0,20251106,0,True
20250925,030530,,13340.0,20251119,0,True
20251013,030530,,19850.0,20251208,0,True
20251014,030530,,22850.0,20251209,0,True
20251021,030530,,26300.0,20251216,0,True
20251216,030530,,37800.0,20260209,0,True
20251229,030530,,41200.0,20260220,0,True
20251230,030530,,47800.0,20260223,0,True
20251112,031330,,3975.0,20260107,0,True
20260220,031330,,5010.0,20260416,0,True
20260225,031330,,5560.0,20260421,0,True
20260227,031330,,5710.0,20260423,0,True
20260413,031330,,6220.0,20260605,0,True
20260220,031980,,88000.0,20260416,0,True
20260306,031980,,110000.0,20260430,0,True
20250530,032190,,16160.0,20250724,0,True
20250602,032190,,16700.0,20250725,0,True
20250702,032190,,20700.0,20250826,0,True
20260127,032190,,23250.0,20260323,0,True
20260129,032190,,26350.0,20260325,0,True
20260130,032190,,28350.0,20260326,0,True
20260210,032190,,28850.0,20260406,0,True
20260224,032190,,30450.0,20260420,0,True
20260220,032500,,21500.0,20260416,0,True
20260223,032500,,21050.0,20260417,0,True
20260312,032500,,25100.0,20260506,0,True
20260313,032500,,25500.0,20260507,0,True
20260318,032500,,30200.0,20260512,0,True
20260323,032500,,31400.0,20260515,0,True
20250617,032820,,3510.0,20250811,0,True
20250618,032820,,3620.0,20250812,0,True
20250620,032820,,4500.0,20250814,0,True
20250701,032820,,5170.0,20250825,0,True
20260120,032820,,7430.0,20260316,0,True
20260121,032820,,8610.0,20260317,0,True
20260122,032820,,9300.0,20260318,0,True
20260212,032820,,12710.0,20260408,0,True
20260213,032820,,13200.0,20260409,0,True
20260223,032820,,15540.0,20260417,0,True
20260224,032820,,17300.0,20260420,0,True
20260312,032820,,22700.0,20260506,0,True
20260316,032820,,25200.0,20260508,0,True
20260319,032820,,28800.0,20260513,0,True
20250702,032940,,9470.0,20250826,0,True
20260105,032940,,14160.0,20260227,0,True
20251022,032960,,16050.0,20251217,0,True
20251023,032960,,16200.0,20251218,0,True
20260316,033160,,14470.0,20260508,0,True
20260317,033160,,15900.0,20260511,0,True
20260320,033160,,17750.0,20260514,0,True
20250805,033340,,1982.0,20250929,0,True
20250806,033340,,2020.0,20250930,0,True
20250909,033500,,33650.0,20251103,0,True
20260323,033640,,20250.0,20260515,0,True
20260408,033640,,22850.0,20260602,0,True
20260413,033640,,24500.0,20260605,0,True
20250613,034950,,105200.0,20250807,0,True
20260312,035460,,2660.0,20260506,0,True
20260313,035460,,2630.0,20260507,0,True
20260410,035460,,3820.0,20260604,0,True
20260413,035460,,5000.0,20260605,0,True
20251111,035810,,4330.0,20260106,0,True
20260127,035810,,5060.0,20260323,0,True
20260224,035810,,8190.0,20260420,0,True
20260225,035810,,8890.0,20260421,0,True
20250612,036000,,4040.0,20250806,0,True
20260113,036170,,2010.0,20260309,0,True
20260224,036170,,2300.0,20260420,0,True
20260225,036170,,2820.0,20260421,0,True
20260310,036170,,3680.0,20260504,0,True
20260313,036170,,5010.0,20260507,0,True
20260316,036170,,5740.0,20260508,0,True
20250617,036190,,34900.0,20250811,0,True
20260323,036190,,38800.0,20260515,0,True
20260324,036190,,41000.0,20260518,0,True
20260130,036540,,6840.0,20260326,0,True
20260202,036540,,7700.0,20260327,0,True
20260227,036540,,7880.0,20260423,0,True
20250527,036620,,5020.0,20250721,0,True
20250616,036620,,5850.0,20250808,0,True
20250617,036620,,6080.0,20250811,0,True
20250627,036620,,6220.0,20250821,0,True
20250701,036620,,6360.0,20250825,0,True
20260211,036620,,7380.0,20260407,0,True
20250528,036630,,5780.0,20250722,0,True
20251113,036630,,10300.0,20260108,0,True
20251218,036630,,14270.0,20260211,0,True
20251013,036710,,4040.0,20251208,0,True
20250717,036800,,27000.0,20250910,0,True
20260129,036810,,50500.0,20260325,0,True
20250725,036890,,12350.0,20250918,0,True
20251024,036890,,13720.0,20251219,0,True
20251216,036890,,14400.0,20260209,0,True
20260204,036890,,15910.0,20260331,0,True
20260213,036890,,16730.0,20260409,0,True
20260316,036890,,17720.0,20260508,0,True
20260204,036930,,46300.0,20260331,0,True
20260205,036930,,46650.0,20260401,0,True
20260210,036930,,51100.0,20260406,0,True
20260220,036930,,55000.0,20260416,0,True
20260304,036930,,58900.0,20260428,0,True
20260306,036930,,67000.0,20260430,0,True
20250919,037030,,3455.0,20251113,0,True
20260320,037030,,3825.0,20260514,0,True
20260324,037030,,4600.0,20260518,0,True
20260330,037030,,5550.0,20260522,0,True
20260327,037230,,3130.0,20260521,0,True
20260226,037350,,8990.0,20260422,0,True
20260227,037350,,9460.0,20260423,0,True
20260127,037460,,19100.0,20260323,0,True
20260128,037460,,21550.0,20260324,0,True
20260130,037460,,21900.0,20260326,0,True
20260202,037460,,22700.0,20260327,0,True
20251212,038500,,4755.0,20260205,0,True
20251215,038500,,5760.0,20260206,0,True
20251216,038500,,5330.0,20260209,0,True
20260129,038500,,7810.0,20260325,0,True
20260202,038500,,8930.0,20260327,0,True
20260203,038500,,11580.0,20260330,0,True
20260204,038500,,18440.0,20260331,0,True
20260209,038500,,20300.0,20260403,0,True
20260213,038530,,516.0,20260409,0,True
20250529,039020,,4660.0,20250723,0,True
20250605,039020,,4760.0,20250730,0,True
20250610,039020,,5060.0,20250804,0,True
20251114,039030,,288500.0,20260109,0,True
20260128,039030,,340000.0,20260324,0,True
20260129,039030,,365500.0,20260325,0,True
20260130,039030,,362500.0,20260326,0,True
20260202,039030,,372500.0,20260327,0,True
20260204,039030,,396000.0,20260331,0,True
20260210,039030,,415500.0,20260406,0,True
20260227,039030,,404000.0,20260423,0,True
20250924,039200,,47250.0,20251118,0,True
20251113,039200,,50200.0,20260108,0,True
20251114,039200,,51100.0,20260109,0,True
20251118,039200,,54300.0,20260113,0,True
20251127,039200,,59300.0,20260121,0,True
20251201,039200,,65000.0,20260123,0,True
20260330,039310,,2600.0,20260522,0,True
20250612,039420,,3220.0,20250806,0,True
20250613,039420,,3530.0,20250807,0,True
20260323,039560,,4885.0,20260515,0,True
20260413,039560,,5670.0,20260605,0,True
20260330,039740,,5150.0,20260522,0,True
20250627,039830,,11300.0,20250821,0,True
20250630,039830,,14000.0,20250822,0,True
20250701,039830,,16520.0,20250825,0,True
20251002,039830,,24800.0,20251127,0,True
20251229,039860,,6490.0,20260220,0,True
20260225,039860,,9000.0,20260421,0,True
20260205,040160,,5670.0,20260401,0,True
20260206,040160,,5500.0,20260402,0,True
20260223,040610,,2300.0,20260417,0,True
20251212,041830,,34000.0,20260205,0,True
20251211,041920,,7690.0,20260204,0,True
20251215,041920,,9700.0,20260206,0,True
20260109,041920,,12700.0,20260305,0,True
20260202,041920,,19700.0,20260327,0,True
20260203,041920,,21600.0,20260330,0,True
20260204,041920,,25700.0,20260331,0,True
20260209,041920,,28700.0,20260403,0,True
20250909,041960,,6790.0,20251103,0,True
20251210,041960,,7250.0,20260203,0,True
20260105,041960,,7540.0,20260227,0,True
20260107,041960,,8050.0,20260303,0,True
20260108,041960,,8370.0,20260304,0,True
20260205,041960,,8370.0,20260401,0,True
20250612,042510,,11810.0,20250806,0,True
20250624,042510,,13600.0,20250818,0,True
20250925,042520,,18400.0,20251119,0,True
20251002,042520,,20500.0,20251127,0,True
20251017,042520,,24750.0,20251212,0,True
20251023,042520,,29000.0,20251218,0,True
20251024,042520,,33100.0,20251219,0,True
20260202,042520,,39000.0,20260327,0,True
20260203,042520,,43350.0,20260330,0,True
20260220,042520,,48950.0,20260416,0,True
20260319,042520,,53600.0,20260513,0,True
20250526,043100,,4015.0,20250718,0,True
20250710,043100,,4835.0,20250903,0,True
20250605,043200,,1246.0,20250730,0,True
20250612,043200,,1739.0,20250806,0,True
20250613,043200,,1720.0,20250807,0,True
20251202,043260,,2630.0,20260126,0,True
20251203,043260,,2865.0,20260127,0,True
20251209,043260,,4500.0,20260202,0,True
20251210,043260,,5310.0,20260203,0,True
20251211,043260,,6200.0,20260204,0,True
20251222,043260,,7610.0,20260213,0,True
20251230,043260,,8900.0,20260223,0,True
20260113,043260,,14540.0,20260309,0,True
20260115,043260,,14900.0,20260311,0,True
20260130,043260,,16950.0,20260326,0,True
20260204,043260,,19700.0,20260331,0,True
20260205,043260,,21950.0,20260401,0,True
20260210,043260,,28250.0,20260406,0,True
20260304,043260,,28350.0,20260428,0,True
20250626,044490,,35850.0,20250820,0,True
20250722,044490,,41150.0,20250915,0,True
20260323,044490,,56300.0,20260515,0,True
20260105,045100,,23850.0,20260227,0,True
20260129,045100,,31000.0,20260325,0,True
20260130,045100,,32350.0,20260326,0,True
20260227,045100,,34700.0,20260423,0,True
20250508,045390,,4210.0,20250702,0,True
20250521,045390,,4430.0,20250715,0,True
20250613,045390,,5870.0,20250807,0,True
20250616,045390,,5790.0,20250808,0,True
20260223,046120,,7130.0,20260417,0,True
20260313,046120,,8140.0,20260507,0,True
20260316,046120,,8540.0,20260508,0,True
20260317,046120,,10610.0,20260511,0,True
20260320,046120,,11800.0,20260514,0,True
20260323,046120,,13140.0,20260515,0,True
20260324,046120,,14610.0,20260518,0,True
20260109,046310,,4180.0,20260305,0,True
20260226,046890,,13430.0,20260422,0,True
20260227,046890,,12500.0,20260423,0,True
20260121,046940,,4170.0,20260317,0,True
20260224,046940,,5350.0,20260420,0,True
20260225,046940,,5180.0,20260421,0,True
20260320,046970,,2585.0,20260514,0,True
20260323,046970,,2925.0,20260515,0,True
20260324,046970,,4575.0,20260518,0,True
20260325,046970,,5180.0,20260519,0,True
20260330,046970,,9500.0,20260522,0,True
20251021,047770,,3045.0,20251216,0,True
20251022,047770,,3410.0,20251217,0,True
20251028,047770,,3965.0,20251223,0,True
20260220,047770,,4895.0,20260416,0,True
20260206,048770,,4600.0,20260402,0,True
20260407,049080,,2535.0,20260601,0,True
20260313,049430,,18590.0,20260507,0,True
20260402,049430,,23300.0,20260527,0,True
20250721,049470,,2600.0,20250912,0,True
20250825,049470,,2725.0,20251017,0,True
20250901,049470,,3610.0,20251024,0,True
20250624,049480,,3220.0,20250818,0,True
20251024,049630,,1145.0,20251219,0,True
20251028,049630,,1305.0,20251223,0,True
20251113,049630,,1835.0,20260108,0,True
20251119,049630,,2220.0,20260114,0,True
20251205,049630,,2455.0,20260129,0,True
20251211,049630,,2925.0,20260204,0,True
20251212,049630,,3395.0,20260205,0,True
20251229,049630,,4330.0,20260220,0,True
20251230,049630,,4670.0,20260223,0,True
20260105,049630,,4730.0,20260227,0,True
20260116,049630,,5430.0,20260312,0,True
20260119,049630,,5970.0,20260313,0,True
20260120,049630,,7360.0,20260316,0,True
20260121,049630,,6710.0,20260317,0,True
20260209,050890,,9650.0,20260403,0,True
20260312,050890,,12190.0,20260506,0,True
20260313,050890,,12130.0,20260507,0,True
20260326,050890,,15390.0,20260520,0,True
20260205,051500,,32150.0,20260401,0,True
20260210,051500,,33850.0,20260406,0,True
20260312,052020,,13300.0,20260506,0,True
20260313,052020,,14080.0,20260507,0,True
20260316,052020,,18090.0,20260508,0,True
20260330,052020,,19370.0,20260522,0,True
20250620,052300,,3375.0,20250814,0,True
20250509,052330,,9880.0,20250703,0,True
20250605,052400,,61500.0,20250730,0,True
20250801,052710,,11210.0,20250925,0,True
20250924,052710,,14700.0,20251118,0,True
20260413,052710,,19460.0,20260605,0,True
20260317,052860,,3845.0,20260511,0,True
20260413,053260,,6290.0,20260605,0,True
20250610,053300,,8020.0,20250804,0,True
20250612,053300,,8850.0,20250806,0,True
20250624,053300,,10110.0,20250818,0,True
20250613,053350,,11200.0,20250807,0,True
20260220,053610,,60300.0,20260416,0,True
20260114,053700,,8400.0,20260310,0,True
20260120,053700,,9230.0,20260316,0,True
20260130,054210,,11060.0,20260326,0,True
20260225,054210,,12420.0,20260421,0,True
20260225,054220,,998.0,20260421,0,True
20250901,054540,,9020.0,20251024,0,True
20250909,054540,,12400.0,20251103,0,True
20250911,054540,,16390.0,20251105,0,True
20251022,054540,,18630.0,20251217,0,True
20251023,054540,,20000.0,20251218,0,True
20260304,054620,,8430.0,20260428,0,True
20260316,054620,,9020.0,20260508,0,True
20260323,054620,,9400.0,20260515,0,True
20260128,054920,,6100.0,20260324,0,True
20250909,054950,,34100.0,20251103,0,True
20260116,056080,,22700.0,20260312,0,True
20260119,056080,,29200.0,20260313,0,True
20260120,056080,,36250.0,20260316,0,True
20260211,056080,,48050.0,20260407,0,True
20260312,056090,,3300.0,20260506,0,True
20260128,056190,,30500.0,20260324,0,True
20260129,056190,,31900.0,20260325,0,True
20260130,056190,,35250.0,20260326,0,True
20260227,056190,,34300.0,20260423,0,True
20251124,058610,,47550.0,20260116,0,True
20251125,058610,,46450.0,20260119,0,True
20251128,058610,,51700.0,20260122,0,True
20251201,058610,,60800.0,20260123,0,True
20251209,058610,,72500.0,20260202,0,True
20251216,058610,,78100.0,20260209,0,True
20251222,058610,,86300.0,20260213,0,True
20260116,058610,,98000.0,20260312,0,True
20260120,058610,,112900.0,20260316,0,True
20260127,058610,,117000.0,20260323,0,True
20260129,058610,,154200.0,20260325,0,True
20260130,058610,,157200.0,20260326,0,True
20260212,059100,,7240.0,20260408,0,True
20260115,059120,,15030.0,20260311,0,True
20260116,059120,,16290.0,20260312,0,True
20250509,059210,,5430.0,20250703,0,True
20260123,059270,,18810.0,20260319,0,True
20250711,060250,,15680.0,20250904,0,True
20250714,060250,,17010.0,20250905,0,True
20250929,060250,,20200.0,20251124,0,True
20260128,060250,,23250.0,20260324,0,True
20260122,060280,,19760.0,20260318,0,True
20260123,060280,,19100.0,20260319,0,True
20250610,060370,,29000.0,20250804,0,True
20250611,060370,,27900.0,20250805,0,True
20260130,060720,,18200.0,20260326,0,True
20260202,060720,,18460.0,20260327,0,True
20250611,064260,,6110.0,20250805,0,True
20250612,064260,,6050.0,20250806,0,True
20250625,064260,,6730.0,20250819,0,True
20250702,064260,,7210.0,20250826,0,True
20250707,064260,,8820.0,20250829,0,True
20250708,064260,,9870.0,20250901,0,True
20250922,064260,,11100.0,20251114,0,True
20250919,064760,,161900.0,20251113,0,True
20250925,064760,,160800.0,20251119,0,True
20250930,064760,,167500.0,20251125,0,True
20251001,064760,,177900.0,20251126,0,True
20251002,064760,,178200.0,20251127,0,True
20260127,064760,,200000.0,20260323,0,True
20260129,064760,,232000.0,20260325,0,True
20250808,064820,,8270.0,20251002,0,True
20250819,064820,,9280.0,20251013,0,True
20250912,064820,,14490.0,20251106,0,True
20251022,064820,,15300.0,20251217,0,True
20260205,065170,,6060.0,20260401,0,True
20260402,065440,,2890.0,20260527,0,True
20260403,065440,,2935.0,20260528,0,True
20260410,065440,,4450.0,20260604,0,True
20250702,065650,,7000.0,20250826,0,True
20250709,065660,,28150.0,20250902,0,True
20251204,065660,,29550.0,20260128,0,True
20251205,065660,,36200.0,20260129,0,True
20251217,065660,,38900.0,20260210,0,True
20251230,065660,,46050.0,20260223,0,True
20260105,065660,,48300.0,20260227,0,True
20250514,065680,,31350.0,20250708,0,True
20250617,065680,,35800.0,20250811,0,True
20250714,065680,,40300.0,20250905,0,True
20250717,065680,,42900.0,20250910,0,True
20250516,065710,,27650.0,20250710,0,True
20250519,065710,,30850.0,20250711,0,True
20250520,065710,,35150.0,20250714,0,True
20250521,065710,,38900.0,20250715,0,True
20250530,065710,,40000.0,20250724,0,True
20251208,065710,,54900.0,20260130,0,True
20260325,066310,,13390.0,20260519,0,True
20260326,066310,,13380.0,20260520,0,True
20260113,066430,,2135.0,20260309,0,True
20260120,066430,,2500.0,20260316,0,True
20260122,066430,,3100.0,20260318,0,True
20260206,066430,,3555.0,20260402,0,True
20250708,066590,,3910.0,20250901,0,True
20260129,067310,,37850.0,20260325,0,True
20260130,067310,,36750.0,20260326,0,True
20250619,069510,,18400.0,20250813,0,True
20260410,069540,,4520.0,20260604,0,True
20250610,071200,,7550.0,20250804,0,True
20260120,071670,,13620.0,20260316,0,True
20260316,072870,,12530.0,20260508,0,True
20260312,072950,,7390.0,20260506,0,True
20260325,072950,,8250.0,20260519,0,True
20260413,072950,,13520.0,20260605,0,True
20250730,072990,,11730.0,20250923,0,True
20251113,072990,,13380.0,20260108,0,True
20260210,073490,,34950.0,20260406,0,True
20260312,073490,,44800.0,20260506,0,True
20260402,073540,,3190.0,20260527,0,True
20260413,073540,,3850.0,20260605,0,True
20260224,073560,,2080.0,20260420,0,True
20260123,076610,,2230.0,20260319,0,True
20260202,077360,,8900.0,20260327,0,True
20260205,077360,,11400.0,20260401,0,True
20260223,077360,,12920.0,20260417,0,True
20260225,077360,,13900.0,20260421,0,True
20250714,078020,,6520.0,20250905,0,True
20260220,078020,,8970.0,20260416,0,True
20260313,078070,,14200.0,20260507,0,True
20260319,078070,,15600.0,20260513,0,True
20260326,078070,,16950.0,20260520,0,True
20250722,078130,,726.0,20250915,0,True
20250723,078130,,828.0,20250916,0,True
20250724,078130,,800.0,20250917,0,True
20251029,078160,,16600.0,20251224,0,True
20251128,078160,,17950.0,20260122,0,True
20251201,078160,,19110.0,20260123,0,True
20260128,078160,,22250.0,20260324,0,True
20260129,078160,,23700.0,20260325,0,True
20260130,078160,,24600.0,20260326,0,True
20260330,078350,,32350.0,20260522,0,True
20260220,079000,,12510.0,20260416,0,True
20250625,079940,,25850.0,20250819,0,True
20250626,079940,,27000.0,20250820,0,True
20250710,079940,,28050.0,20250903,0,True
20250911,079940,,29400.0,20251105,0,True
20251126,079940,,32700.0,20260120,0,True
20260107,079950,,3135.0,20260303,0,True
20260108,079950,,3495.0,20260304,0,True
20250725,079960,,27500.0,20250918,0,True
20260119,079960,,29050.0,20260313,0,True
20260130,079960,,31150.0,20260326,0,True
20260129,080220,,38350.0,20260325,0,True
20260202,080220,,42550.0,20260327,0,True
20260210,080220,,46700.0,20260406,0,True
20260410,080520,,4960.0,20260604,0,True
20260129,080580,,14110.0,20260325,0,True
20260205,080580,,16270.0,20260401,0,True
20260312,080580,,19250.0,20260506,0,True
20260320,080580,,21000.0,20260514,0,True
20250526,082270,,47200.0,20250718,0,True
20250527,082270,,45850.0,20250721,0,True
20250528,082270,,50500.0,20250722,0,True
20250611,082270,,55200.0,20250805,0,True
20250612,082270,,59500.0,20250806,0,True
20250613,082270,,69500.0,20250807,0,True
20250616,082270,,70000.0,20250808,0,True
20250617,082920,,31250.0,20250811,0,True
20250806,082920,,31750.0,20250930,0,True
20250808,082920,,33200.0,20251002,0,True
20251204,082920,,34900.0,20260128,0,True
20251210,082920,,20250.0,20260203,0,True
20260406,082920,,40600.0,20260529,0,True
20260413,082920,,45700.0,20260605,0,True
20260224,083500,,17750.0,20260420,0,True
20260326,083500,,18980.0,20260520,0,True
20260205,083640,,771.0,20260401,0,True
20250508,083650,,30550.0,20250702,0,True
20250519,083650,,37550.0,20250711,0,True
20250612,083650,,43850.0,20250806,0,True
20250613,083650,,43300.0,20250807,0,True
20250825,083650,,53900.0,20251017,0,True
20250826,083650,,51500.0,20251020,0,True
20250827,083650,,55600.0,20251021,0,True
20250829,083650,,58800.0,20251023,0,True
20251215,083650,,61300.0,20260206,0,True
20260128,083650,,70600.0,20260324,0,True
20260130,083650,,78000.0,20260326,0,True
20260220,083650,,82000.0,20260416,0,True
20260223,083650,,92800.0,20260417,0,True
20260224,083650,,89100.0,20260420,0,True
20250619,083660,,1757.0,20250813,0,True
20250620,083660,,1901.0,20250814,0,True
20250630,083660,,2325.0,20250822,0,True
20250702,083660,,2800.0,20250826,0,True
20251017,084110,,58500.0,20251212,0,True
20260312,084110,,73200.0,20260506,0,True
20250918,084370,,60500.0,20251112,0,True
20250919,084370,,64000.0,20251113,0,True
20250923,084370,,70000.0,20251117,0,True
20250924,084370,,69600.0,20251118,0,True
20251002,084370,,74600.0,20251127,0,True
20251021,084370,,92000.0,20251216,0,True
20260220,084370,,131200.0,20260416,0,True
20260227,084370,,128200.0,20260423,0,True
20260306,084370,,147000.0,20260430,0,True
20251203,084990,,8530.0,20260127,0,True
20260130,085660,,23250.0,20260326,0,True
20251002,085910,,4645.0,20251127,0,True
20251203,085910,,5960.0,20260127,0,True
20251208,085910,,7400.0,20260130,0,True
20251209,085910,,8060.0,20260202,0,True
20251218,085910,,8780.0,20260211,0,True
20260113,085910,,10410.0,20260309,0,True
20260122,085910,,13420.0,20260318,0,True
20260220,085910,,15260.0,20260416,0,True
20260223,085910,,16190.0,20260417,0,True
20260224,085910,,16940.0,20260420,0,True
20260225,085910,,17690.0,20260421,0,True
20260402,085910,,25800.0,20260527,0,True
20250916,086390,,20800.0,20251110,0,True
20260220,086450,,21200.0,20260416,0,True
20260225,086450,,22050.0,20260421,0,True
20260401,086450,,24350.0,20260526,0,True
20260402,086450,,28250.0,20260527,0,True
20250515,086820,,33650.0,20250709,0,True
20250514,087010,,185700.0,20250708,0,True
20250519,087010,,203000.0,20250711,0,True
20250522,087010,,209500.0,20250716,0,True
20250526,087010,,225500.0,20250718,0,True
20250527,087010,,229000.0,20250721,0,True
20250718,087010,,282500.0,20250911,0,True
20250721,087010,,307500.0,20250912,0,True
20250722,087010,,300000.0,20250915,0,True
20251124,087010,,368000.0,20260116,0,True
20260326,088280,,4300.0,20260520,0,True
20251031,088800,,3695.0,20251226,0,True
20260413,088800,,5760.0,20260605,0,True
20251104,089010,,42000.0,20251230,0,True
20250610,089150,,4675.0,20250804,0,True
20260317,089230,,2555.0,20260511,0,True
20251017,089890,,23500.0,20251212,0,True
20251020,089890,,24250.0,20251215,0,True
20251024,089890,,26900.0,20251219,0,True
20251027,089890,,30300.0,20251222,0,True
20251107,089890,,29800.0,20260102,0,True
20251028,089970,,24950.0,20251223,0,True
20251210,089970,,29950.0,20260203,0,True
20260212,089970,,34800.0,20260408,0,True
20260213,089970,,34050.0,20260409,0,True
20260225,089970,,42500.0,20260421,0,True
20260319,089970,,45000.0,20260513,0,True
20260320,089970,,48050.0,20260514,0,True
20250919,090360,,42850.0,20251113,0,True
20250922,090360,,48300.0,20251114,0,True
20251015,090360,,65800.0,20251210,0,True
20251016,090360,,67400.0,20251211,0,True
20251017,090360,,67400.0,20251212,0,True
20251027,090360,,80300.0,20251222,0,True
20251029,090360,,84600.0,20251224,0,True
20251104,090360,,101000.0,20251230,0,True
20260319,090470,,9700.0,20260513,0,True
20251016,090710,,4445.0,20251211,0,True
20251021,090710,,6400.0,20251216,0,True
20251022,090710,,6100.0,20251217,0,True
20251230,090710,,7990.0,20260223,0,True
20260105,090710,,8340.0,20260227,0,True
20260114,090710,,9560.0,20260310,0,True
20260116,090710,,11520.0,20260312,0,True
20260119,090710,,14200.0,20260313,0,True
20260318,091580,,18320.0,20260512,0,True
20260403,091580,,20850.0,20260528,0,True
20260406,091580,,22250.0,20260529,0,True
20260226,092190,,4980.0,20260422,0,True
20250729,092460,,10990.0,20250922,0,True
20250808,092460,,11990.0,20251002,0,True
20250901,092460,,14500.0,20251024,0,True
20250909,092460,,18510.0,20251103,0,True
20251024,092460,,21550.0,20251219,0,True
20260205,093190,,7210.0,20260401,0,True
20260126,093320,,132000.0,20260320,0,True
20250710,093520,,19610.0,20250903,0,True
20250714,093520,,22350.0,20250905,0,True
20250723,093520,,28400.0,20250916,0,True
20260225,093520,,31300.0,20260421,0,True
20260227,093520,,31800.0,20260423,0,True
20251128,094170,,28450.0,20260122,0,True
20251201,094170,,30650.0,20260123,0,True
20251208,094170,,29700.0,20260130,0,True
20260121,094820,,17310.0,20260317,0,True
20260220,094820,,19900.0,20260416,0,True
20260120,094940,,14000.0,20260316,0,True
20260105,095340,,122000.0,20260227,0,True
20260129,095340,,138900.0,20260325,0,True
20260130,095340,,138100.0,20260326,0,True
20260202,095340,,144100.0,20260327,0,True
20260209,095340,,170000.0,20260403,0,True
20260210,095340,,174500.0,20260406,0,True
20260220,095340,,187700.0,20260416,0,True
20260306,095340,,201000.0,20260430,0,True
20260317,095340,,217500.0,20260511,0,True
20260319,095340,,223000.0,20260513,0,True
20260320,095340,,246000.0,20260514,0,True
20260410,095340,,276000.0,20260604,0,True
20250912,095610,,33700.0,20251106,0,True
20250915,095610,,41850.0,20251107,0,True
20250916,095610,,40950.0,20251110,0,True
20250919,095610,,43800.0,20251113,0,True
20250925,095610,,44250.0,20251119,0,True
20251013,095610,,44950.0,20251208,0,True
20251021,095610,,50000.0,20251216,0,True
20260105,095610,,56600.0,20260227,0,True
20260107,095610,,60000.0,20260303,0,True
20260129,095610,,77200.0,20260325,0,True
20260130,095610,,71700.0,20260326,0,True
20260413,095610,,79700.0,20260605,0,True
20260127,095660,,29450.0,20260323,0,True
20260128,095660,,30600.0,20260324,0,True
20251028,096350,,2720.0,20251223,0,True
20260320,096350,,3680.0,20260514,0,True
20250520,098120,,16120.0,20250714,0,True
20250624,098120,,20950.0,20250818,0,True
20250625,098120,,22500.0,20250819,0,True
20250801,098120,,23000.0,20250925,0,True
20260220,098120,,31300.0,20260416,0,True
20251202,098460,,26450.0,20260126,0,True
20251204,098460,,28900.0,20260128,0,True
20260213,099190,,22900.0,20260409,0,True
20250918,099320,,64300.0,20251112,0,True
20250922,099320,,70400.0,20251114,0,True
20250925,099320,,73800.0,20251119,0,True
20260105,099320,,88000.0,20260227,0,True
20260109,099320,,105600.0,20260305,0,True
20260113,099320,,130000.0,20260309,0,True
20260121,099320,,128600.0,20260317,0,True
20260122,099320,,142000.0,20260318,0,True
20260130,099320,,180500.0,20260326,0,True
20260202,099320,,193900.0,20260327,0,True
20260204,099320,,216000.0,20260331,0,True
20250901,099410,,4450.0,20251024,0,True
20250910,099410,,5930.0,20251104,0,True
20250912,099410,,6750.0,20251106,0,True
20251203,099440,,6290.0,20260127,0,True
20251204,099440,,6810.0,20260128,0,True
20251205,099440,,7850.0,20260129,0,True
20260325,100590,,6260.0,20260519,0,True
20260326,100590,,5770.0,20260520,0,True
20260410,100590,,9530.0,20260604,0,True
20250620,100790,,8000.0,20250814,0,True
20250926,100790,,8200.0,20251120,0,True
20251028,100790,,8500.0,20251223,0,True
20251201,100790,,9990.0,20260123,0,True
20251209,100790,,10270.0,20260202,0,True
20251219,100790,,16890.0,20260212,0,True
20251222,100790,,18440.0,20260213,0,True
20260205,100790,,23450.0,20260401,0,True
20260327,100790,,28000.0,20260521,0,True
20260330,100790,,31500.0,20260522,0,True
20260226,101160,,32750.0,20260422,0,True
20251202,101170,,10100.0,20260126,0,True
20251209,101170,,11800.0,20260202,0,True
20251229,101170,,15850.0,20260220,0,True
20260112,101170,,18680.0,20260306,0,True
20260113,101170,,22850.0,20260309,0,True
20260114,101330,,5470.0,20260310,0,True
20260115,101330,,7480.0,20260311,0,True
20260116,101330,,8760.0,20260312,0,True
20260119,101330,,7270.0,20260313,0,True
20251014,101490,,60800.0,20251209,0,True
20251023,101490,,59900.0,20251218,0,True
20260114,101490,,65300.0,20260310,0,True
20260128,101490,,77500.0,20260324,0,True
20260129,101490,,95100.0,20260325,0,True
20250808,101930,,48300.0,20251002,0,True
20250901,101930,,56100.0,20251024,0,True
20250625,102710,,35450.0,20250819,0,True
20250626,102710,,36200.0,20250820,0,True
20250627,102710,,39250.0,20250821,0,True
20250707,102710,,39000.0,20250829,0,True
20250710,102710,,41500.0,20250903,0,True
20250711,102710,,41600.0,20250904,0,True
20250729,102710,,43750.0,20250922,0,True
20250730,102710,,42900.0,20250923,0,True
20250915,102710,,47600.0,20251107,0,True
20250916,102710,,49000.0,20251110,0,True
20250917,102710,,49450.0,20251111,0,True
20250919,102710,,52500.0,20251113,0,True
20250923,102710,,53600.0,20251117,0,True
20250924,102710,,55000.0,20251118,0,True
20250930,102710,,57000.0,20251125,0,True
20251002,102710,,61100.0,20251127,0,True
20251119,102940,,40400.0,20260114,0,True
20251124,102940,,43800.0,20260116,0,True
20251125,102940,,44800.0,20260119,0,True
20251126,102940,,46500.0,20260120,0,True
20251127,102940,,52100.0,20260121,0,True
20251201,102940,,61000.0,20260123,0,True
20260202,102940,,63900.0,20260327,0,True
20260203,102940,,70800.0,20260330,0,True
20250912,103230,,5950.0,20251106,0,True
20260127,104200,,6210.0,20260323,0,True
20260323,104480,,2445.0,20260515,0,True
20260324,104480,,2400.0,20260518,0,True
20260204,104830,,43650.0,20260331,0,True
20260225,104830,,49550.0,20260421,0,True
20260323,106190,,20300.0,20260515,0,True
20260324,106190,,21700.0,20260518,0,True
20260330,106190,,24500.0,20260522,0,True
20250519,108380,,21350.0,20250711,0,True
20250730,108380,,27150.0,20250923,0,True
20250828,108380,,29200.0,20251022,0,True
20250909,108380,,32050.0,20251103,0,True
20260224,108380,,34200.0,20260420,0,True
20250515,108490,,53500.0,20250709,0,True
20250516,108490,,58200.0,20250710,0,True
20250519,108490,,56800.0,20250711,0,True
20250605,108490,,68100.0,20250730,0,True
20250624,108490,,84400.0,20250818,0,True
20250716,108490,,85100.0,20250909,0,True
20250826,108490,,98400.0,20251020,0,True
20250919,108490,,112100.0,20251113,0,True
20250922,108490,,138200.0,20251114,0,True
20250924,108490,,161500.0,20251118,0,True
20251013,108490,,185400.0,20251208,0,True
20251031,108490,,235000.0,20251226,0,True
20251104,108490,,269000.0,20251230,0,True
20260130,108490,,340500.0,20260326,0,True
20260406,109080,,12860.0,20260529,0,True
20260408,109080,,17800.0,20260602,0,True
20250911,109740,,8850.0,20251105,0,True
20260212,114810,,17230.0,20260408,0,True
20260213,114810,,18100.0,20260409,0,True
20250519,115180,,11600.0,20250711,0,True
20250521,115180,,12000.0,20250715,0,True
20250526,115180,,12750.0,20250718,0,True
20250919,115180,,13350.0,20251113,0,True
20250923,115180,,14250.0,20251117,0,True
20250925,115180,,15000.0,20251119,0,True
20250926,115180,,15890.0,20251120,0,True
20251013,115180,,19820.0,20251208,0,True
20251016,115180,,22900.0,20251211,0,True
20251113,115180,,25050.0,20260108,0,True
20251114,115180,,26550.0,20260109,0,True
20251118,115180,,28900.0,20260113,0,True
20251202,115180,,30400.0,20260126,0,True
20251204,115180,,32100.0,20260128,0,True
20260129,115180,,34700.0,20260325,0,True
20260130,115180,,34900.0,20260326,0,True
20260211,115180,,38700.0,20260407,0,True
20260212,115180,,37900.0,20260408,0,True
20250710,115310,,59500.0,20250903,0,True
20250714,115310,,64800.0,20250905,0,True
20250715,115310,,70000.0,20250908,0,True
20260326,115440,,13500.0,20260520,0,True
20260120,117730,,30500.0,20260316,0,True
20260113,119500,,5640.0,20260309,0,True
20260205,119830,,9350.0,20260401,0,True
20250508,119850,,25400.0,20250702,0,True
20250509,119850,,27100.0,20250703,0,True
20250512,119850,,26650.0,20250704,0,True
20250617,119850,,33950.0,20250811,0,True
20250619,119850,,35650.0,20250813,0,True
20251016,119850,,41950.0,20251211,0,True
20260316,122640,,25700.0,20260508,0,True
20260323,122640,,28300.0,20260515,0,True
20250611,122870,,90000.0,20250805,0,True
20250822,122870,,105300.0,20251016,0,True
20250527,123330,,31250.0,20250721,0,True
20250529,123330,,33150.0,20250723,0,True
20250530,123330,,33950.0,20250724,0,True
20250602,123330,,38300.0,20250725,0,True
20250612,123330,,40500.0,20250806,0,True
20250616,123330,,41000.0,20250808,0,True
20250617,123330,,41750.0,20250811,0,True
20250620,123330,,43200.0,20250814,0,True
20251204,123410,,8830.0,20260128,0,True
20260122,123410,,9400.0,20260318,0,True
20260210,123750,,3145.0,20260406,0,True
20250610,124500,,16520.0,20250804,0,True
20250612,124500,,20500.0,20250806,0,True
20250613,124500,,23250.0,20250807,0,True
20250617,124500,,27150.0,20250811,0,True
20250620,124500,,29700.0,20250814,0,True
20260114,124500,,35500.0,20260310,0,True
20260126,124500,,42800.0,20260320,0,True
20260127,124500,,44150.0,20260323,0,True
20260128,124500,,48150.0,20260324,0,True
20260129,124500,,50100.0,20260325,0,True
20260202,124500,,48800.0,20260327,0,True
20260227,124500,,59200.0,20260423,0,True
20260312,124500,,66200.0,20260506,0,True
20251203,126340,,67100.0,20260127,0,True
20251204,126340,,76300.0,20260128,0,True
20260129,126340,,101000.0,20260325,0,True
20260204,126340,,114500.0,20260331,0,True
20260312,126340,,144400.0,20260506,0,True
20250704,127120,,11130.0,20250828,0,True
20250710,127120,,13700.0,20250903,0,True
20250828,127120,,18190.0,20251022,0,True
20250922,127120,,24100.0,20251114,0,True
20250924,127120,,25100.0,20251118,0,True
20260204,127120,,30000.0,20260331,0,True
20260205,127120,,30300.0,20260401,0,True
20260223,127120,,35150.0,20260417,0,True
20260224,127120,,37300.0,20260420,0,True
20260316,127120,,41500.0,20260508,0,True
20260223,129920,,7250.0,20260417,0,True
20260224,129920,,7690.0,20260420,0,True
20260313,129920,,9650.0,20260507,0,True
20260317,129920,,11360.0,20260511,0,True
20260326,129920,,13700.0,20260520,0,True
20260330,129920,,13940.0,20260522,0,True
20260224,131030,,11790.0,20260420,0,True
20260227,131030,,13320.0,20260423,0,True
20260324,131030,,14470.0,20260518,0,True
20260326,131030,,17580.0,20260520,0,True
20260327,131030,,18400.0,20260521,0,True
20260313,131290,,105800.0,20260507,0,True
20260317,131290,,115500.0,20260511,0,True
20260318,131290,,117900.0,20260512,0,True
20260319,131290,,117500.0,20260513,0,True
20260320,131290,,124500.0,20260514,0,True
20260127,131970,,58900.0,20260323,0,True
20260128,131970,,63500.0,20260324,0,True
20260129,131970,,70200.0,20260325,0,True
20260318,131970,,85700.0,20260512,0,True
20260320,131970,,90800.0,20260514,0,True
20260323,131970,,98500.0,20260515,0,True
20250718,136410,,11700.0,20250911,0,True
20250513,137940,,1080.0,20250707,0,True
20260220,138080,,18540.0,20260416,0,True
20260223,138080,,18880.0,20260417,0,True
20260304,138080,,20900.0,20260428,0,True
20260312,138080,,31400.0,20260506,0,True
20260326,138080,,42200.0,20260520,0,True
20260107,138360,,1725.0,20260303,0,True
20260121,138360,,2150.0,20260317,0,True
20260122,138360,,3495.0,20260318,0,True
20250602,138610,,35100.0,20250725,0,True
20251013,138610,,42000.0,20251208,0,True
20251017,138610,,44000.0,20251212,0,True
20251211,138610,,51500.0,20260204,0,True
20251212,138610,,50200.0,20260205,0,True
20250909,140410,,55200.0,20251103,0,True
20250916,140410,,56800.0,20251110,0,True
20250923,140410,,66700.0,20251117,0,True
20251014,140410,,72000.0,20251209,0,True
20251015,140410,,72900.0,20251210,0,True
20251201,140410,,78700.0,20260123,0,True
20251202,140410,,79300.0,20260126,0,True
20251205,140410,,83000.0,20260129,0,True
20251217,140410,,110800.0,20260210,0,True
20260127,140410,,144800.0,20260323,0,True
20260128,140410,,156300.0,20260324,0,True
20260129,140410,,172400.0,20260325,0,True
20260130,140410,,171000.0,20260326,0,True
20250612,140860,,269000.0,20250806,0,True
20250619,140860,,284000.0,20250813,0,True
20250710,140860,,303000.0,20250903,0,True
20260205,141000,,9300.0,20260401,0,True
20250721,141080,,144000.0,20250912,0,True
20250924,141080,,159100.0,20251118,0,True
20251113,141080,,167900.0,20260108,0,True
20251117,141080,,172800.0,20260112,0,True
20251127,141080,,184500.0,20260121,0,True
20251201,141080,,196500.0,20260123,0,True
20251202,141080,,192500.0,20260126,0,True
20260130,141080,,200000.0,20260326,0,True
20250701,145020,,386000.0,20250825,0,True
20250619,148780,,2410.0,20250813,0,True
20250620,148780,,2705.0,20250814,0,True
20251203,156100,,12030.0,20260127,0,True
20251204,156100,,14150.0,20260128,0,True
20251205,156100,,15410.0,20260129,0,True
20260319,160980,,23800.0,20260513,0,True
20260326,160980,,24700.0,20260520,0,True
20260327,160980,,24600.0,20260521,0,True
20260402,160980,,28850.0,20260527,0,True
20250610,168330,,4480.0,20250804,0,True
20250613,168330,,5900.0,20250807,0,True
20250923,168360,,21300.0,20251117,0,True
20260107,170920,,22900.0,20260303,0,True
20260128,170920,,27250.0,20260324,0,True
20260130,170920,,28250.0,20260326,0,True
20260319,170920,,29400.0,20260513,0,True
20260320,170920,,34350.0,20260514,0,True
20260205,171090,,81800.0,20260401,0,True
20260206,171090,,76400.0,20260402,0,True
20260209,171090,,98000.0,20260403,0,True
20260210,171090,,99000.0,20260406,0,True
20260220,171090,,131100.0,20260416,0,True
20260223,171090,,126800.0,20260417,0,True
20251111,174900,,24050.0,20260106,0,True
20251112,174900,,24700.0,20260107,0,True
20251114,174900,,27500.0,20260109,0,True
20251118,174900,,29700.0,20260113,0,True
20251119,174900,,30500.0,20260114,0,True
20251124,174900,,34150.0,20260116,0,True
20251126,174900,,36300.0,20260120,0,True
20251127,174900,,39350.0,20260121,0,True
20251202,174900,,41100.0,20260126,0,True
20251203,174900,,42350.0,20260127,0,True
20260105,174900,,49400.0,20260227,0,True
20260107,174900,,55400.0,20260303,0,True
20260109,174900,,56900.0,20260305,0,True
20260126,174900,,64800.0,20260320,0,True
20260127,174900,,66700.0,20260323,0,True
20260313,174900,,80100.0,20260507,0,True
20260316,174900,,90000.0,20260508,0,True
20260130,178320,,37800.0,20260326,0,True
20250922,183300,,100800.0,20251114,0,True
20251013,183300,,107900.0,20251208,0,True
20251014,183300,,119200.0,20251209,0,True
20251021,183300,,124000.0,20251216,0,True
20260413,183300,,131100.0,20260605,0,True
20260211,187660,,4460.0,20260407,0,True
20260212,187660,,4300.0,20260408,0,True
20260213,187660,,5740.0,20260409,0,True
20260220,187660,,9310.0,20260416,0,True
20260224,187660,,12060.0,20260420,0,True
20260227,187660,,18990.0,20260423,0,True
20251107,187790,,2745.0,20260102,0,True
20251112,187790,,3225.0,20260107,0,True
20251204,187790,,3460.0,20260128,0,True
20251205,187790,,3650.0,20260129,0,True
20251208,187790,,3970.0,20260130,0,True
20251209,187790,,4095.0,20260202,0,True
20260210,187790,,4260.0,20260406,0,True
20260209,187870,,18600.0,20260403,0,True
20260210,187870,,21000.0,20260406,0,True
20260211,187870,,22400.0,20260407,0,True
20260212,187870,,22950.0,20260408,0,True
20260413,187870,,27400.0,20260605,0,True
20260127,189300,,78700.0,20260323,0,True
20260129,189300,,87500.0,20260325,0,True
20260130,189300,,104200.0,20260326,0,True
20260210,189300,,124000.0,20260406,0,True
20260212,189300,,130200.0,20260408,0,True
20260107,190510,,24100.0,20260303,0,True
20260113,190510,,26500.0,20260309,0,True
20260220,190650,,13410.0,20260416,0,True
20260129,191410,,3900.0,20260325,0,True
20260203,191410,,4415.0,20260330,0,True
20250612,192250,,13190.0,20250806,0,True
20250515,194700,,14620.0,20250709,0,True
20250617,194700,,18600.0,20250811,0,True
20250701,194700,,19720.0,20250825,0,True
20250709,194700,,21150.0,20250902,0,True
20250716,194700,,22050.0,20250909,0,True
20260108,195940,,55100.0,20260304,0,True
20260130,195940,,57700.0,20260326,0,True
20260316,195990,,1555.0,20260508,0,True
20260318,195990,,2890.0,20260512,0,True
20250716,196170,,460000.0,20250909,0,True
20250717,196170,,482000.0,20250910,0,True
20260316,196450,,2000.0,20260508,0,True
20251218,196700,,2100.0,20260211,0,True
20260209,196700,,2770.0,20260403,0,True
20260210,196700,,2845.0,20260406,0,True
20250626,200230,,9290.0,20250820,0,True
20250627,200230,,12960.0,20250821,0,True
20260107,200470,,7990.0,20260303,0,True
20260108,200470,,8010.0,20260304,0,True
20260116,200470,,8700.0,20260312,0,True
20260129,200470,,9480.0,20260325,0,True
20250522,200670,,51600.0,20250716,0,True
20250527,200670,,56500.0,20250721,0,True
20250618,200670,,58300.0,20250812,0,True
20250619,200670,,62000.0,20250813,0,True
20250723,200670,,69700.0,20250916,0,True
20250724,200670,,75300.0,20250917,0,True
20260225,200710,,48300.0,20260421,0,True
20260325,200710,,56900.0,20260519,0,True
20250616,201490,,3990.0,20250808,0,True
20250617,201490,,4560.0,20250811,0,True
20250620,201490,,5050.0,20250814,0,True
20250522,204610,,1904.0,20250716,0,True
20250723,204620,,7600.0,20250916,0,True
20250625,205500,,4390.0,20250819,0,True
20250521,208710,,2445.0,20250715,0,True
20250708,208860,,2320.0,20250901,0,True
20250828,213420,,48000.0,20251022,0,True
20260326,213420,,53300.0,20260520,0,True
20260130,214150,,76100.0,20260326,0,True
20250610,214180,,15590.0,20250804,0,True
20250617,214180,,16080.0,20250811,0,True
20250618,214180,,16290.0,20250812,0,True
20250619,214180,,16360.0,20250813,0,True
20250911,214180,,18480.0,20251105,0,True
20260127,214180,,19130.0,20260323,0,True
20260128,214180,,20700.0,20260324,0,True
20260210,214180,,25150.0,20260406,0,True
20250716,214370,,46200.0,20250909,0,True
20250723,214370,,61300.0,20250916,0,True
20250724,214370,,60200.0,20250917,0,True
20250916,214370,,67200.0,20251110,0,True
20251125,214370,,78400.0,20260119,0,True
20251126,214370,,81400.0,20260120,0,True
20251201,214370,,87300.0,20260123,0,True
20260127,214370,,97700.0,20260323,0,True
20260129,214370,,112200.0,20260325,0,True
20260130,214370,,123600.0,20260326,0,True
20260202,214370,,115900.0,20260327,0,True
20260220,214370,,145200.0,20260416,0,True
20260223,214370,,152300.0,20260417,0,True
20250515,214430,,67800.0,20250709,0,True
20250519,214430,,71400.0,20250711,0,True
20250530,214430,,74800.0,20250724,0,True
20250617,214430,,87000.0,20250811,0,True
20250626,214430,,94300.0,20250820,0,True
20250630,214430,,96500.0,20250822,0,True
20250716,214430,,116800.0,20250909,0,True
20260130,214430,,132400.0,20260326,0,True
20260202,214430,,125100.0,20260327,0,True
20250521,214450,,449500.0,20250715,0,True
20250526,214450,,450000.0,20250718,0,True
20250605,214450,,483500.0,20250730,0,True
20250610,214450,,510000.0,20250804,0,True
20250611,214450,,526000.0,20250805,0,True
20250709,214450,,576000.0,20250902,0,True
20250808,214450,,605000.0,20251002,0,True
20250825,214450,,696000.0,20251017,0,True
20250827,214450,,700000.0,20251021,0,True
20250523,214610,,8000.0,20250717,0,True
20250512,215090,,1017.0,20250704,0,True
20250916,215100,,7040.0,20251110,0,True
20251021,215100,,9540.0,20251216,0,True
20260122,215100,,13510.0,20260318,0,True
20260123,215100,,13680.0,20260319,0,True
20260327,215790,,876.0,20260521,0,True
20260330,215790,,922.0,20260522,0,True
20260407,215790,,1800.0,20260601,0,True
20260410,215790,,3420.0,20260604,0,True
20260413,215790,,2735.0,20260605,0,True
20260120,217500,,4770.0,20260316,0,True
20260121,217500,,4700.0,20260317,0,True
20250605,218410,,22100.0,20250730,0,True
20250616,218410,,23750.0,20250808,0,True
20250627,218410,,26600.0,20250821,0,True
20250630,218410,,27150.0,20250822,0,True
20250729,218410,,29700.0,20250922,0,True
20250915,218410,,31100.0,20251107,0,True
20250917,218410,,31550.0,20251111,0,True
20251031,218410,,34850.0,20251226,0,True
20251104,218410,,36400.0,20251230,0,True
20260107,218410,,38000.0,20260303,0,True
20260128,218410,,42950.0,20260324,0,True
20260129,218410,,45950.0,20260325,0,True
20260130,218410,,49950.0,20260326,0,True
20260204,218410,,50900.0,20260331,0,True
20260220,218410,,63000.0,20260416,0,True
20260223,218410,,64000.0,20260417,0,True
20260312,218410,,87600.0,20260506,0,True
20260402,218410,,97900.0,20260527,0,True
20260122,219550,,1865.0,20260318,0,True
20251118,220100,,31600.0,20260113,0,True
20251119,221800,,6700.0,20260114,0,True
20260212,221800,,11290.0,20260408,0,True
20260213,221800,,10380.0,20260409,0,True
20260224,221800,,26700.0,20260420,0,True
20260130,222420,,1744.0,20260326,0,True
20260203,222420,,1995.0,20260330,0,True
20251002,222800,,50900.0,20251127,0,True
20251013,222800,,49900.0,20251208,0,True
20251024,222800,,59000.0,20251219,0,True
20260410,222800,,70900.0,20260604,0,True
20251212,223250,,5760.0,20260205,0,True
20251219,223250,,7410.0,20260212,0,True
20251222,223250,,7590.0,20260213,0,True
20250626,223310,,5270.0,20250820,0,True
20260323,224060,,6860.0,20260515,0,True
20250908,226950,,89500.0,20251031,0,True
20250922,226950,,100700.0,20251114,0,True
20251103,226950,,118500.0,20251229,0,True
20251111,226950,,126100.0,20260106,0,True
20251113,226950,,140200.0,20260108,0,True
20260108,226950,,159000.0,20260304,0,True
20260226,226950,,159700.0,20260422,0,True
20260304,226950,,190200.0,20260428,0,True
20260227,229000,,5200.0,20260423,0,True
20260304,229000,,4930.0,20260428,0,True
20260313,230240,,27200.0,20260507,0,True
20260316,230240,,28050.0,20260508,0,True
20260326,230240,,30250.0,20260520,0,True
20260330,230240,,29900.0,20260522,0,True
20260402,230240,,34150.0,20260527,0,True
20260116,230360,,15920.0,20260312,0,True
20251230,232680,,14900.0,20260223,0,True
20260122,232680,,17820.0,20260318,0,True
20260130,232680,,19020.0,20260326,0,True
20260203,232680,,22650.0,20260330,0,True
20250625,234340,,30650.0,20250819,0,True
20260326,234690,,14700.0,20260520,0,True
20250509,236200,,34900.0,20250703,0,True
20250526,236200,,38000.0,20250718,0,True
20250527,236200,,37450.0,20250721,0,True
20260105,236200,,40250.0,20260227,0,True
20260126,236200,,46000.0,20260320,0,True
20260129,236200,,45900.0,20260325,0,True
20260223,236200,,49100.0,20260417,0,True
20251209,237690,,124000.0,20260202,0,True
20251216,237690,,133900.0,20260209,0,True
20260126,237690,,138300.0,20260320,0,True
20260127,237690,,144500.0,20260323,0,True
20260130,237690,,158000.0,20260326,0,True
20260202,237690,,153700.0,20260327,0,True
20260226,238120,,5670.0,20260422,0,True
20250911,240810,,44450.0,20251105,0,True
20250923,240810,,47500.0,20251117,0,True
20251002,240810,,51700.0,20251127,0,True
20251027,240810,,62000.0,20251222,0,True
20251107,240810,,69300.0,20260102,0,True
20260105,240810,,83000.0,20260227,0,True
20260127,240810,,85000.0,20260323,0,True
20260128,240810,,93200.0,20260324,0,True
20260129,240810,,114100.0,20260325,0,True
20260130,240810,,110000.0,20260326,0,True
20260213,240810,,111600.0,20260409,0,True
20260211,241520,,12680.0,20260407,0,True
20260212,241520,,11680.0,20260408,0,True
20260220,241520,,14290.0,20260416,0,True
20260224,241520,,17780.0,20260420,0,True
20260203,241710,,104500.0,20260330,0,True
20260204,241710,,102000.0,20260331,0,True
20250708,241770,,13440.0,20250901,0,True
20250916,241770,,14880.0,20251110,0,True
20250919,241770,,17400.0,20251113,0,True
20250926,241770,,19650.0,20251120,0,True
20251017,241770,,24850.0,20251212,0,True
20260304,241770,,28300.0,20260428,0,True
20260317,241770,,30450.0,20260511,0,True
20260319,241770,,34700.0,20260513,0,True
20260211,242040,,3420.0,20260407,0,True
20260212,242040,,3495.0,20260408,0,True
20260213,242040,,3930.0,20260409,0,True
20260226,242040,,4765.0,20260422,0,True
20260227,242040,,6030.0,20260423,0,True
20260210,246720,,10980.0,20260406,0,True
20260122,250060,,7800.0,20260318,0,True
20260123,250060,,7730.0,20260319,0,True
20250619,251120,,19250.0,20250813,0,True
20250620,251120,,21650.0,20250814,0,True
20250625,251120,,22700.0,20250819,0,True
20250919,251370,,15530.0,20251113,0,True
20250922,251370,,17940.0,20251114,0,True
20250509,251970,,58900.0,20250703,0,True
20250710,251970,,64000.0,20250903,0,True
20250801,251970,,65400.0,20250925,0,True
20250807,251970,,73500.0,20251001,0,True
20250808,251970,,77000.0,20251002,0,True
20260129,252990,,9500.0,20260325,0,True
20260203,252990,,10420.0,20260330,0,True
20260204,252990,,11140.0,20260331,0,True
20260206,252990,,11100.0,20260402,0,True
20260204,253590,,18000.0,20260331,0,True
20260312,253590,,19730.0,20260506,0,True
20250512,256940,,13120.0,20250704,0,True
20250515,256940,,15000.0,20250709,0,True
20250516,256940,,14070.0,20250710,0,True
20250521,256940,,16400.0,20250715,0,True
20250605,256940,,18340.0,20250730,0,True
20250618,256940,,20600.0,20250812,0,True
20250612,257720,,60000.0,20250806,0,True
20250924,259630,,14930.0,20251118,0,True
20251027,259630,,18600.0,20251222,0,True
20250509,260970,,98500.0,20250703,0,True
20250612,260970,,107300.0,20250806,0,True
20250617,260970,,137500.0,20250811,0,True
20250624,260970,,143500.0,20250818,0,True
20260325,261780,,5850.0,20260519,0,True
20260127,263750,,50100.0,20260323,0,True
20260129,263750,,57600.0,20260325,0,True
20260304,263750,,60500.0,20260428,0,True
20260310,263750,,66200.0,20260504,0,True
20260402,263750,,72200.0,20260527,0,True
20250922,263860,,30000.0,20251114,0,True
20260225,264660,,21100.0,20260421,0,True
20250925,272110,,28050.0,20251119,0,True
20250926,272110,,28850.0,20251120,0,True
20260210,272110,,37750.0,20260406,0,True
20260210,272290,,41350.0,20260406,0,True
20260130,274090,,29850.0,20260326,0,True
20251103,277810,,437000.0,20251229,0,True
20251104,277810,,470500.0,20251230,0,True
20260127,277810,,650000.0,20260323,0,True
20260130,277810,,780000.0,20260326,0,True
20260226,277810,,788000.0,20260422,0,True
20260227,277810,,851000.0,20260423,0,True
20260210,289080,,2920.0,20260406,0,True
20260211,289080,,3360.0,20260407,0,True
20260220,289080,,3485.0,20260416,0,True
20260223,289080,,3975.0,20260417,0,True
20260224,289080,,4170.0,20260420,0,True
20260330,289080,,4765.0,20260522,0,True
20260312,290550,,18900.0,20260506,0,True
20260323,290550,,21300.0,20260515,0,True
20250908,290650,,45050.0,20251031,0,True
20250909,290650,,49000.0,20251103,0,True
20250915,290650,,57400.0,20251107,0,True
20250916,290650,,66000.0,20251110,0,True
20251208,290650,,67800.0,20260130,0,True
20260202,290650,,86700.0,20260327,0,True
20260220,290650,,115100.0,20260416,0,True
20251215,290740,,8700.0,20260206,0,True
20251216,290740,,10200.0,20260209,0,True
20251217,290740,,11650.0,20260210,0,True
20260105,290740,,17050.0,20260227,0,True
20260113,290740,,19840.0,20260309,0,True
20260115,290740,,23650.0,20260311,0,True
20260119,290740,,23000.0,20260313,0,True
20260204,290740,,27900.0,20260331,0,True
20260205,290740,,29400.0,20260401,0,True
20251114,291810,,4475.0,20260109,0,True
20250605,294570,,27500.0,20250730,0,True
20250610,294570,,34550.0,20250804,0,True
20250714,294570,,40400.0,20250905,0,True
20250717,294570,,51100.0,20250910,0,True
20250528,298380,,81200.0,20250722,0,True
20250725,298380,,87000.0,20250918,0,True
20250827,298380,,93500.0,20251021,0,True
20250908,298380,,104200.0,20251031,0,True
20250912,298380,,106400.0,20251106,0,True
20250922,298380,,108600.0,20251114,0,True
20251113,298380,,153000.0,20260108,0,True
20251114,298380,,163500.0,20260109,0,True
20251117,298380,,171500.0,20260112,0,True
20251202,298380,,193000.0,20260126,0,True
20251203,298380,,200000.0,20260127,0,True
20260127,298380,,236500.0,20260323,0,True
20251229,298830,,8290.0,20260220,0,True
20260108,298830,,9450.0,20260304,0,True
20260123,298830,,10290.0,20260319,0,True
20260112,299170,,3965.0,20260306,0,True
20260113,299170,,4265.0,20260309,0,True
20250911,303360,,5980.0,20251105,0,True
20250610,304100,,52800.0,20250804,0,True
20260108,306040,,9700.0,20260304,0,True
20260119,306040,,12050.0,20260313,0,True
20260120,306040,,12200.0,20260316,0,True
20260122,307180,,4620.0,20260318,0,True
20260213,307180,,5430.0,20260409,0,True
20260224,307180,,6400.0,20260420,0,True
20260226,307180,,7500.0,20260422,0,True
20260227,307180,,9170.0,20260423,0,True
20251204,308080,,7840.0,20260128,0,True
20251205,308080,,9010.0,20260129,0,True
20251208,308080,,10380.0,20260130,0,True
20251211,308080,,16120.0,20260204,0,True
20250617,310200,,4600.0,20250811,0,True
20250618,310200,,4675.0,20250812,0,True
20250624,310200,,4930.0,20250818,0,True
20250708,310200,,5230.0,20250901,0,True
20250709,310200,,5400.0,20250902,0,True
20250711,310200,,5710.0,20250904,0,True
20250714,310200,,5850.0,20250905,0,True
20250915,310210,,168500.0,20251107,0,True
20251027,310210,,197400.0,20251222,0,True
20251028,310210,,209000.0,20251223,0,True
20251118,310210,,229000.0,20260113,0,True
20251124,310210,,239500.0,20260116,0,True
20251204,310210,,244500.0,20260128,0,True
20260224,310210,,287000.0,20260420,0,True
20260227,310210,,314000.0,20260423,0,True
20260113,317240,,520.0,20260309,0,True
20260119,317240,,600.0,20260313,0,True
20251209,317830,,13010.0,20260202,0,True
20250610,318160,,7430.0,20250804,0,True
20250819,318160,,8000.0,20251013,0,True
20250820,318160,,8310.0,20251014,0,True
20250901,318160,,10550.0,20251024,0,True
20250620,319400,,4750.0,20250814,0,True
20250625,319400,,5130.0,20250819,0,True
20250626,319400,,5180.0,20250820,0,True
20250702,319400,,5370.0,20250826,0,True
20250908,319400,,7300.0,20251031,0,True
20250911,319400,,8520.0,20251105,0,True
20250912,319400,,8370.0,20251106,0,True
20250915,319400,,9080.0,20251107,0,True
20251015,319400,,10780.0,20251210,0,True
20251016,319400,,12280.0,20251211,0,True
20260105,319400,,23700.0,20260227,0,True
20260116,319400,,28600.0,20260312,0,True
20260120,319400,,38300.0,20260316,0,True
20260121,319400,,36950.0,20260317,0,True
20260107,319660,,45600.0,20260303,0,True
20260128,319660,,48200.0,20260324,0,True
20260129,319660,,57100.0,20260325,0,True
20260130,319660,,54400.0,20260326,0,True
20260202,319660,,60200.0,20260327,0,True
20260317,319660,,73900.0,20260511,0,True
20260319,319660,,73600.0,20260513,0,True
20260320,319660,,83800.0,20260514,0,True
20260323,319660,,83300.0,20260515,0,True
20260323,321550,,9990.0,20260515,0,True
20260324,321550,,10800.0,20260518,0,True
20260105,322180,,10600.0,20260227,0,True
20260325,322310,,36450.0,20260519,0,True
20251204,323280,,48000.0,20260128,0,True
20251212,323280,,52700.0,20260205,0,True
20251216,323280,,54300.0,20260209,0,True
20260129,323280,,70800.0,20260325,0,True
20260202,323280,,74200.0,20260327,0,True
20250912,327260,,11690.0,20251106,0,True
20250915,327260,,12580.0,20251107,0,True
20250923,327260,,14250.0,20251117,0,True
20250930,327260,,15470.0,20251125,0,True
20251201,327260,,20950.0,20260123,0,True
20260126,327260,,28700.0,20260320,0,True
20260127,327260,,31100.0,20260323,0,True
20260204,327260,,39900.0,20260331,0,True
20260304,327260,,54600.0,20260428,0,True
20260312,327260,,65500.0,20260506,0,True
20260323,327260,,69700.0,20260515,0,True
20260406,327260,,78100.0,20260529,0,True
20260226,330350,,11500.0,20260422,0,True
20251217,330730,,6110.0,20260210,0,True
20251222,330730,,7020.0,20260213,0,True
20260401,331920,,13210.0,20260526,0,True
20260413,331920,,15900.0,20260605,0,True
20250909,332570,,5460.0,20251103,0,True
20250915,332570,,6250.0,20251107,0,True
20250923,332570,,6900.0,20251117,0,True
20260107,332570,,8250.0,20260303,0,True
20260113,332570,,8830.0,20260309,0,True
20250825,333430,,5960.0,20251017,0,True
20250910,333430,,8220.0,20251104,0,True
20250911,333430,,9290.0,20251105,0,True
20250912,333430,,9750.0,20251106,0,True
20250519,335870,,2950.0,20250711,0,True
20250619,335890,,12370.0,20250813,0,True
20250630,335890,,12400.0,20250822,0,True
20250922,335890,,18520.0,20251114,0,True
20250923,335890,,25950.0,20251117,0,True
20250924,335890,,26800.0,20251118,0,True
20251113,338840,,25600.0,20260108,0,True
20260317,338840,,33850.0,20260511,0,True
20260327,340440,,2500.0,20260521,0,True
20260330,340440,,2570.0,20260522,0,True
20250716,347700,,11780.0,20250909,0,True
20260105,347700,,18500.0,20260227,0,True
20260126,347700,,21550.0,20260320,0,True
20260130,347700,,25800.0,20260326,0,True
20260202,347700,,27150.0,20260327,0,True
20260209,347700,,37900.0,20260403,0,True
20260127,348210,,78600.0,20260323,0,True
20260128,348210,,87900.0,20260324,0,True
20260129,348210,,94700.0,20260325,0,True
20260202,348210,,94600.0,20260327,0,True
20260114,348340,,52700.0,20260310,0,True
20260115,348340,,52000.0,20260311,0,True
20260119,348340,,80100.0,20260313,0,True
20260122,348340,,124000.0,20260318,0,True
20250731,353810,,6090.0,20250924,0,True
20260128,353810,,7050.0,20260324,0,True
20260213,353810,,7720.0,20260409,0,True
20260127,354320,,50000.0,20260323,0,True
20260128,354320,,53000.0,20260324,0,True
20260129,354320,,58700.0,20260325,0,True
20260130,354320,,62700.0,20260326,0,True
20260224,355150,,18460.0,20260420,0,True
20260227,355150,,21700.0,20260423,0,True
20250910,356860,,33800.0,20251104,0,True
20250911,356860,,38800.0,20251105,0,True
20250916,356860,,40100.0,20251110,0,True
20250923,356860,,47300.0,20251117,0,True
20250924,356860,,46700.0,20251118,0,True
20250925,356860,,50500.0,20251119,0,True
20251002,356860,,62400.0,20251127,0,True
20260320,356860,,79000.0,20260514,0,True
20260128,357580,,12950.0,20260324,0,True
20260204,357580,,16500.0,20260331,0,True
20260312,357580,,20500.0,20260506,0,True
20260313,357580,,23800.0,20260507,0,True
20260316,357580,,24800.0,20260508,0,True
20260128,357780,,366000.0,20260324,0,True
20260129,357780,,440500.0,20260325,0,True
20260130,357780,,454000.0,20260326,0,True
20260202,357780,,455500.0,20260327,0,True
20260327,361390,,33500.0,20260521,0,True
20260116,365590,,3950.0,20260312,0,True
20251216,368770,,9170.0,20260209,0,True
20251222,368770,,11620.0,20260213,0,True
20260105,368770,,12800.0,20260227,0,True
20260112,368770,,16190.0,20260306,0,True
20260113,368770,,17020.0,20260309,0,True
20260122,368770,,18370.0,20260318,0,True
20260325,368770,,21500.0,20260519,0,True
20260326,368770,,23050.0,20260520,0,True
20260225,371950,,18080.0,20260421,0,True
20260107,372320,,50300.0,20260303,0,True
20260108,372320,,54500.0,20260304,0,True
20250521,376300,,50700.0,20250715,0,True
20250526,376300,,53900.0,20250718,0,True
20250630,376300,,61200.0,20250822,0,True
20250721,377450,,18830.0,20250912,0,True
20260119,380540,,3620.0,20260313,0,True
20260120,380540,,4590.0,20260316,0,True
20260121,380540,,4705.0,20260317,0,True
20260413,382800,,7120.0,20260605,0,True
20250915,382900,,32300.0,20251107,0,True
20251029,382900,,35750.0,20251224,0,True
20260323,388050,,13470.0,20260515,0,True
20260127,388720,,142300.0,20260323,0,True
20260128,388720,,141000.0,20260324,0,True
20260130,388720,,149700.0,20260326,0,True
20260316,388790,,5610.0,20260508,0,True
20251215,389030,,3335.0,20260206,0,True
20260109,389030,,3905.0,20260305,0,True
20260310,389030,,4900.0,20260504,0,True
20260312,389030,,5410.0,20260506,0,True
20260319,389030,,5950.0,20260513,0,True
20250610,389260,,29450.0,20250804,0,True
20251113,389470,,63300.0,20260108,0,True
20251118,389470,,70300.0,20260113,0,True
20251119,389470,,72000.0,20260114,0,True
20251204,389470,,77800.0,20260128,0,True
20251205,389470,,95700.0,20260129,0,True
20260112,389500,,47950.0,20260306,0,True
20260114,389500,,56700.0,20260310,0,True
20260120,389500,,69500.0,20260316,0,True
20260121,389500,,69700.0,20260317,0,True
20260202,396300,,4445.0,20260327,0,True
20260205,396300,,4735.0,20260401,0,True
20260206,396300,,4750.0,20260402,0,True
20250911,397030,,26750.0,20251105,0,True
20250915,397030,,27900.0,20251107,0,True
20251013,397030,,33350.0,20251208,0,True
20251205,397030,,42650.0,20260129,0,True
20251222,397030,,50700.0,20260213,0,True
20251230,397030,,54300.0,20260223,0,True
20260109,397030,,57100.0,20260305,0,True
20260212,397030,,71700.0,20260408,0,True
20260319,403870,,48300.0,20260513,0,True
20260320,403870,,52700.0,20260514,0,True
20250515,405000,,12100.0,20250709,0,True
20260121,413630,,5470.0,20260317,0,True
20260320,417500,,5810.0,20260514,0,True
20251111,417970,,22150.0,20260106,0,True
20251205,417970,,26700.0,20260129,0,True
20250723,419120,,14460.0,20250916,0,True
20250728,419120,,17700.0,20250919,0,True
20250509,419530,,39950.0,20250703,0,True
20250515,419530,,59900.0,20250709,0,True
20250516,419530,,61100.0,20250710,0,True
20250602,419530,,75400.0,20250725,0,True
20250618,419530,,85100.0,20250812,0,True
20250626,419530,,93900.0,20250820,0,True
20260402,420770,,88700.0,20260527,0,True
20260312,425420,,56000.0,20260506,0,True
20260323,425420,,64000.0,20260515,0,True
20251128,440110,,28900.0,20260122,0,True
20260205,440110,,41100.0,20260401,0,True
20260206,440110,,44650.0,20260402,0,True
20260210,440110,,49100.0,20260406,0,True
20260213,440110,,55000.0,20260409,0,True
20260306,440110,,66000.0,20260430,0,True
20250722,441270,,12180.0,20250915,0,True
20251002,445680,,71000.0,20251127,0,True
20251013,445680,,80100.0,20251208,0,True
20251126,445680,,86400.0,20260120,0,True
20251127,445680,,91000.0,20260121,0,True
20251128,445680,,92300.0,20260122,0,True
20251201,445680,,96200.0,20260123,0,True
20251203,445680,,97000.0,20260127,0,True
20251215,445680,,98200.0,20260206,0,True
20251222,445680,,104300.0,20260213,0,True
20251230,445680,,110600.0,20260223,0,True
20260105,445680,,117100.0,20260227,0,True
20260319,445680,,135900.0,20260513,0,True
20251017,448760,,4000.0,20251212,0,True
20251020,448760,,5700.0,20251215,0,True
20260209,451700,,2440.0,20260403,0,True
20260316,452280,,16580.0,20260508,0,True
20250718,454750,,2385.0,20250911,0,True
20260202,466910,,3595.0,20260327,0,True
20260224,900070,,707.0,20260420,0,True
20250926,900110,,1740.0,20251120,0,True
20250804,900120,,663.0,20250926,0,True
20250708,900260,,1029.0,20250901,0,True
20251216,900260,,1583.0,20260209,0,True
20260312,900290,,7120.0,20260506,0,True
20251125,950160,,64000.0,20260119,0,True
20251127,950160,,69000.0,20260121,0,True
20251201,950160,,85400.0,20260123,0,True
20260127,950160,,93900.0,20260323,0,True
20260128,950160,,99000.0,20260324,0,True
20260130,950160,,104000.0,20260326,0,True
20260327,950160,,122100.0,20260521,0,True
20250529,950170,,6390.0,20250723,0,True
20250722,950170,,7450.0,20250915,0,True
