code,open,high,low,close,volume,거래대금,등락률,시가총액,foreign_net,inst_net,date
060310,0,0,0,0,0,0,0.0,0,,,20230929
054620,0,0,0,0,0,0,0.0,0,,,20230929
265520,0,0,0,0,0,0,0.0,0,,,20230929
211270,0,0,0,0,0,0,0.0,0,,,20230929
126600,0,0,0,0,0,0,0.0,0,,,20230929
013720,0,0,0,0,0,0,0.0,0,,,20230929
083790,0,0,0,0,0,0,0.0,0,,,20230929
035760,0,0,0,0,0,0,0.0,0,,,20230929
311690,0,0,0,0,0,0,0.0,0,,,20230929
051500,0,0,0,0,0,0,0.0,0,,,20230929
058820,0,0,0,0,0,0,0.0,0,,,20230929
023460,0,0,0,0,0,0,0.0,0,,,20230929
056730,0,0,0,0,0,0,0.0,0,,,20230929
065770,0,0,0,0,0,0,0.0,0,,,20230929
083660,0,0,0,0,0,0,0.0,0,,,20230929
404950,0,0,0,0,0,0,0.0,0,,,20230929
456440,0,0,0,0,0,0,0.0,0,,,20230929
367360,0,0,0,0,0,0,0.0,0,,,20230929
060900,0,0,0,0,0,0,0.0,0,,,20230929
025440,0,0,0,0,0,0,0.0,0,,,20230929
068790,0,0,0,0,0,0,0.0,0,,,20230929
241520,0,0,0,0,0,0,0.0,0,,,20230929
065150,0,0,0,0,0,0,0.0,0,,,20230929
180400,0,0,0,0,0,0,0.0,0,,,20230929
245620,0,0,0,0,0,0,0.0,0,,,20230929
037370,0,0,0,0,0,0,0.0,0,,,20230929
050120,0,0,0,0,0,0,0.0,0,,,20230929
214270,0,0,0,0,0,0,0.0,0,,,20230929
130500,0,0,0,0,0,0,0.0,0,,,20230929
900290,0,0,0,0,0,0,0.0,0,,,20230929
083450,0,0,0,0,0,0,0.0,0,,,20230929
297890,0,0,0,0,0,0,0.0,0,,,20230929
078150,0,0,0,0,0,0,0.0,0,,,20230929
195940,0,0,0,0,0,0,0.0,0,,,20230929
028300,0,0,0,0,0,0,0.0,0,,,20230929
278650,0,0,0,0,0,0,0.0,0,,,20230929
067630,0,0,0,0,0,0,0.0,0,,,20230929
024850,0,0,0,0,0,0,0.0,0,,,20230929
047920,0,0,0,0,0,0,0.0,0,,,20230929
115450,0,0,0,0,0,0,0.0,0,,,20230929
046210,0,0,0,0,0,0,0.0,0,,,20230929
403870,0,0,0,0,0,0,0.0,0,,,20230929
036640,0,0,0,0,0,0,0.0,0,,,20230929
405350,0,0,0,0,0,0,0.0,0,,,20230929
426550,0,0,0,0,0,0,0.0,0,,,20230929
439730,0,0,0,0,0,0,0.0,0,,,20230929
442770,0,0,0,0,0,0,0.0,0,,,20230929
448760,0,0,0,0,0,0,0.0,0,,,20230929
095340,0,0,0,0,0,0,0.0,0,,,20230929
099520,0,0,0,0,0,0,0.0,0,,,20230929
950170,0,0,0,0,0,0,0.0,0,,,20230929
067290,0,0,0,0,0,0,0.0,0,,,20230929
035900,0,0,0,0,0,0,0.0,0,,,20230929
318000,0,0,0,0,0,0,0.0,0,,,20230929
024840,0,0,0,0,0,0,0.0,0,,,20230929
024120,0,0,0,0,0,0,0.0,0,,,20230929
455250,0,0,0,0,0,0,0.0,0,,,20230929
458320,0,0,0,0,0,0,0.0,0,,,20230929
021320,0,0,0,0,0,0,0.0,0,,,20230929
036670,0,0,0,0,0,0,0.0,0,,,20230929
044180,0,0,0,0,0,0,0.0,0,,,20230929
151860,0,0,0,0,0,0,0.0,0,,,20230929
046440,0,0,0,0,0,0,0.0,0,,,20230929
035600,0,0,0,0,0,0,0.0,0,,,20230929
226360,0,0,0,0,0,0,0.0,0,,,20230929
111870,0,0,0,0,0,0,0.0,0,,,20230929
060720,0,0,0,0,0,0,0.0,0,,,20230929
058400,0,0,0,0,0,0,0.0,0,,,20230929
122450,0,0,0,0,0,0,0.0,0,,,20230929
052900,0,0,0,0,0,0,0.0,0,,,20230929
376190,0,0,0,0,0,0,0.0,0,,,20230929
061970,0,0,0,0,0,0,0.0,0,,,20230929
309960,0,0,0,0,0,0,0.0,0,,,20230929
060370,0,0,0,0,0,0,0.0,0,,,20230929
086960,0,0,0,0,0,0,0.0,0,,,20230929
038340,0,0,0,0,0,0,0.0,0,,,20230929
160550,0,0,0,0,0,0,0.0,0,,,20230929
053290,0,0,0,0,0,0,0.0,0,,,20230929
060250,0,0,0,0,0,0,0.0,0,,,20230929
104200,0,0,0,0,0,0,0.0,0,,,20230929
024940,0,0,0,0,0,0,0.0,0,,,20230929
218410,0,0,0,0,0,0,0.0,0,,,20230929
327260,0,0,0,0,0,0,0.0,0,,,20230929
091340,0,0,0,0,0,0,0.0,0,,,20230929
419530,0,0,0,0,0,0,0.0,0,,,20230929
019550,0,0,0,0,0,0,0.0,0,,,20230929
950110,0,0,0,0,0,0,0.0,0,,,20230929
046140,0,0,0,0,0,0,0.0,0,,,20230929
151910,0,0,0,0,0,0,0.0,0,,,20230929
036120,0,0,0,0,0,0,0.0,0,,,20230929
099220,0,0,0,0,0,0,0.0,0,,,20230929
036540,0,0,0,0,0,0,0.0,0,,,20230929
255220,0,0,0,0,0,0,0.0,0,,,20230929
040610,0,0,0,0,0,0,0.0,0,,,20230929
049470,0,0,0,0,0,0,0.0,0,,,20230929
184230,0,0,0,0,0,0,0.0,0,,,20230929
016250,0,0,0,0,0,0,0.0,0,,,20230929
048550,0,0,0,0,0,0,0.0,0,,,20230929
063440,0,0,0,0,0,0,0.0,0,,,20230929
289080,0,0,0,0,0,0,0.0,0,,,20230929
089230,0,0,0,0,0,0,0.0,0,,,20230929
161570,0,0,0,0,0,0,0.0,0,,,20230929
032540,0,0,0,0,0,0,0.0,0,,,20230929
022220,0,0,0,0,0,0,0.0,0,,,20230929
048770,0,0,0,0,0,0,0.0,0,,,20230929
246690,0,0,0,0,0,0,0.0,0,,,20230929
317240,0,0,0,0,0,0,0.0,0,,,20230929
057030,0,0,0,0,0,0,0.0,0,,,20230929
040300,0,0,0,0,0,0,0.0,0,,,20230929
051390,0,0,0,0,0,0,0.0,0,,,20230929
052220,0,0,0,0,0,0,0.0,0,,,20230929
079940,0,0,0,0,0,0,0.0,0,,,20230929
078890,0,0,0,0,0,0,0.0,0,,,20230929
399720,0,0,0,0,0,0,0.0,0,,,20230929
036620,0,0,0,0,0,0,0.0,0,,,20230929
217730,0,0,0,0,0,0,0.0,0,,,20230929
114190,0,0,0,0,0,0,0.0,0,,,20230929
094480,0,0,0,0,0,0,0.0,0,,,20230929
039240,0,0,0,0,0,0,0.0,0,,,20230929
053950,0,0,0,0,0,0,0.0,0,,,20230929
011040,0,0,0,0,0,0,0.0,0,,,20230929
024910,0,0,0,0,0,0,0.0,0,,,20230929
198440,0,0,0,0,0,0,0.0,0,,,20230929
049720,0,0,0,0,0,0,0.0,0,,,20230929
014570,0,0,0,0,0,0,0.0,0,,,20230929
348150,0,0,0,0,0,0,0.0,0,,,20230929
098460,0,0,0,0,0,0,0.0,0,,,20230929
035290,0,0,0,0,0,0,0.0,0,,,20230929
900280,0,0,0,0,0,0,0.0,0,,,20230929
215000,0,0,0,0,0,0,0.0,0,,,20230929
121440,0,0,0,0,0,0,0.0,0,,,20230929
366030,0,0,0,0,0,0,0.0,0,,,20230929
014200,0,0,0,0,0,0,0.0,0,,,20230929
029480,0,0,0,0,0,0,0.0,0,,,20230929
026910,0,0,0,0,0,0,0.0,0,,,20230929
397880,0,0,0,0,0,0,0.0,0,,,20230929
421800,0,0,0,0,0,0,0.0,0,,,20230929
440790,0,0,0,0,0,0,0.0,0,,,20230929
456490,0,0,0,0,0,0,0.0,0,,,20230929
053270,0,0,0,0,0,0,0.0,0,,,20230929
066620,0,0,0,0,0,0,0.0,0,,,20230929
043650,0,0,0,0,0,0,0.0,0,,,20230929
006050,0,0,0,0,0,0,0.0,0,,,20230929
060480,0,0,0,0,0,0,0.0,0,,,20230929
078130,0,0,0,0,0,0,0.0,0,,,20230929
307750,0,0,0,0,0,0,0.0,0,,,20230929
035080,0,0,0,0,0,0,0.0,0,,,20230929
204020,0,0,0,0,0,0,0.0,0,,,20230929
114450,0,0,0,0,0,0,0.0,0,,,20230929
186230,0,0,0,0,0,0,0.0,0,,,20230929
900070,0,0,0,0,0,0,0.0,0,,,20230929
204620,0,0,0,0,0,0,0.0,0,,,20230929
019660,0,0,0,0,0,0,0.0,0,,,20230929
053260,0,0,0,0,0,0,0.0,0,,,20230929
282720,0,0,0,0,0,0,0.0,0,,,20230929
036190,0,0,0,0,0,0,0.0,0,,,20230929
049080,0,0,0,0,0,0,0.0,0,,,20230929
420770,0,0,0,0,0,0,0.0,0,,,20230929
035460,0,0,0,0,0,0,0.0,0,,,20230929
308100,0,0,0,0,0,0,0.0,0,,,20230929
407400,0,0,0,0,0,0,0.0,0,,,20230929
187790,0,0,0,0,0,0,0.0,0,,,20230929
286750,0,0,0,0,0,0,0.0,0,,,20230929
121600,0,0,0,0,0,0,0.0,0,,,20230929
247660,0,0,0,0,0,0,0.0,0,,,20230929
039860,0,0,0,0,0,0,0.0,0,,,20230929
091970,0,0,0,0,0,0,0.0,0,,,20230929
417010,0,0,0,0,0,0,0.0,0,,,20230929
405920,0,0,0,0,0,0,0.0,0,,,20230929
051490,0,0,0,0,0,0,0.0,0,,,20230929
137080,0,0,0,0,0,0,0.0,0,,,20230929
190510,0,0,0,0,0,0,0.0,0,,,20230929
242040,0,0,0,0,0,0,0.0,0,,,20230929
089600,0,0,0,0,0,0,0.0,0,,,20230929
293580,0,0,0,0,0,0,0.0,0,,,20230929
138610,0,0,0,0,0,0,0.0,0,,,20230929
130580,0,0,0,0,0,0,0.0,0,,,20230929
036800,0,0,0,0,0,0,0.0,0,,,20230929
267320,0,0,0,0,0,0,0.0,0,,,20230929
111710,0,0,0,0,0,0,0.0,0,,,20230929
091590,0,0,0,0,0,0,0.0,0,,,20230929
168330,0,0,0,0,0,0,0.0,0,,,20230929
094860,0,0,0,0,0,0,0.0,0,,,20230929
253590,0,0,0,0,0,0,0.0,0,,,20230929
212560,0,0,0,0,0,0,0.0,0,,,20230929
095660,0,0,0,0,0,0,0.0,0,,,20230929
042420,0,0,0,0,0,0,0.0,0,,,20230929
950220,0,0,0,0,0,0,0.0,0,,,20230929
311390,0,0,0,0,0,0,0.0,0,,,20230929
085910,0,0,0,0,0,0,0.0,0,,,20230929
092730,0,0,0,0,0,0,0.0,0,,,20230929
290660,0,0,0,0,0,0,0.0,0,,,20230929
306620,0,0,0,0,0,0,0.0,0,,,20230929
153460,0,0,0,0,0,0,0.0,0,,,20230929
007390,0,0,0,0,0,0,0.0,0,,,20230929
033640,0,0,0,0,0,0,0.0,0,,,20230929
330860,0,0,0,0,0,0,0.0,0,,,20230929
089140,0,0,0,0,0,0,0.0,0,,,20230929
137940,0,0,0,0,0,0,0.0,0,,,20230929
396270,0,0,0,0,0,0,0.0,0,,,20230929
348210,0,0,0,0,0,0,0.0,0,,,20230929
225570,0,0,0,0,0,0,0.0,0,,,20230929
217270,0,0,0,0,0,0,0.0,0,,,20230929
104620,0,0,0,0,0,0,0.0,0,,,20230929
194700,0,0,0,0,0,0,0.0,0,,,20230929
285490,0,0,0,0,0,0,0.0,0,,,20230929
106520,0,0,0,0,0,0,0.0,0,,,20230929
376930,0,0,0,0,0,0,0.0,0,,,20230929
142280,0,0,0,0,0,0,0.0,0,,,20230929
234690,0,0,0,0,0,0,0.0,0,,,20230929
065560,0,0,0,0,0,0,0.0,0,,,20230929
054050,0,0,0,0,0,0,0.0,0,,,20230929
069140,0,0,0,0,0,0,0.0,0,,,20230929
040160,0,0,0,0,0,0,0.0,0,,,20230929
332290,0,0,0,0,0,0,0.0,0,,,20230929
348340,0,0,0,0,0,0,0.0,0,,,20230929
060260,0,0,0,0,0,0,0.0,0,,,20230929
012340,0,0,0,0,0,0,0.0,0,,,20230929
214870,0,0,0,0,0,0,0.0,0,,,20230929
270870,0,0,0,0,0,0,0.0,0,,,20230929
144960,0,0,0,0,0,0,0.0,0,,,20230929
085670,0,0,0,0,0,0,0.0,0,,,20230929
064260,0,0,0,0,0,0,0.0,0,,,20230929
340360,0,0,0,0,0,0,0.0,0,,,20230929
039560,0,0,0,0,0,0,0.0,0,,,20230929
154040,0,0,0,0,0,0,0.0,0,,,20230929
032190,0,0,0,0,0,0,0.0,0,,,20230929
068240,0,0,0,0,0,0,0.0,0,,,20230929
020400,0,0,0,0,0,0,0.0,0,,,20230929
008830,0,0,0,0,0,0,0.0,0,,,20230929
048470,0,0,0,0,0,0,0.0,0,,,20230929
004780,0,0,0,0,0,0,0.0,0,,,20230929
017650,0,0,0,0,0,0,0.0,0,,,20230929
007720,0,0,0,0,0,0,0.0,0,,,20230929
389260,0,0,0,0,0,0,0.0,0,,,20230929
317850,0,0,0,0,0,0,0.0,0,,,20230929
290670,0,0,0,0,0,0,0.0,0,,,20230929
078140,0,0,0,0,0,0,0.0,0,,,20230929
036480,0,0,0,0,0,0,0.0,0,,,20230929
027830,0,0,0,0,0,0,0.0,0,,,20230929
104040,0,0,0,0,0,0,0.0,0,,,20230929
129920,0,0,0,0,0,0,0.0,0,,,20230929
438220,0,0,0,0,0,0,0.0,0,,,20230929
442310,0,0,0,0,0,0,0.0,0,,,20230929
457390,0,0,0,0,0,0,0.0,0,,,20230929
457630,0,0,0,0,0,0,0.0,0,,,20230929
020180,0,0,0,0,0,0,0.0,0,,,20230929
045390,0,0,0,0,0,0,0.0,0,,,20230929
108380,0,0,0,0,0,0,0.0,0,,,20230929
006580,0,0,0,0,0,0,0.0,0,,,20230929
007680,0,0,0,0,0,0,0.0,0,,,20230929
048910,0,0,0,0,0,0,0.0,0,,,20230929
005710,0,0,0,0,0,0,0.0,0,,,20230929
290380,0,0,0,0,0,0,0.0,0,,,20230929
290120,0,0,0,0,0,0,0.0,0,,,20230929
120240,0,0,0,0,0,0,0.0,0,,,20230929
003310,0,0,0,0,0,0,0.0,0,,,20230929
078600,0,0,0,0,0,0,0.0,0,,,20230929
096350,0,0,0,0,0,0,0.0,0,,,20230929
140520,0,0,0,0,0,0,0.0,0,,,20230929
131220,0,0,0,0,0,0,0.0,0,,,20230929
010170,0,0,0,0,0,0,0.0,0,,,20230929
054670,0,0,0,0,0,0,0.0,0,,,20230929
023910,0,0,0,0,0,0,0.0,0,,,20230929
021040,0,0,0,0,0,0,0.0,0,,,20230929
021045,0,0,0,0,0,0,0.0,0,,,20230929
067080,0,0,0,0,0,0,0.0,0,,,20230929
298540,0,0,0,0,0,0,0.0,0,,,20230929
032860,0,0,0,0,0,0,0.0,0,,,20230929
393890,0,0,0,0,0,0,0.0,0,,,20230929
299170,0,0,0,0,0,0,0.0,0,,,20230929
224060,0,0,0,0,0,0,0.0,0,,,20230929
213420,0,0,0,0,0,0,0.0,0,,,20230929
317330,0,0,0,0,0,0,0.0,0,,,20230929
077360,0,0,0,0,0,0,0.0,0,,,20230929
090410,0,0,0,0,0,0,0.0,0,,,20230929
263600,0,0,0,0,0,0,0.0,0,,,20230929
194480,0,0,0,0,0,0,0.0,0,,,20230929
263800,0,0,0,0,0,0,0.0,0,,,20230929
206560,0,0,0,0,0,0,0.0,0,,,20230929
261200,0,0,0,0,0,0,0.0,0,,,20230929
067990,0,0,0,0,0,0,0.0,0,,,20230929
006620,0,0,0,0,0,0,0.0,0,,,20230929
100130,0,0,0,0,0,0,0.0,0,,,20230929
005160,0,0,0,0,0,0,0.0,0,,,20230929
075970,0,0,0,0,0,0,0.0,0,,,20230929
086450,0,0,0,0,0,0,0.0,0,,,20230929
099410,0,0,0,0,0,0,0.0,0,,,20230929
033500,0,0,0,0,0,0,0.0,0,,,20230929
025950,0,0,0,0,0,0,0.0,0,,,20230929
088130,0,0,0,0,0,0,0.0,0,,,20230929
041930,0,0,0,0,0,0,0.0,0,,,20230929
060380,0,0,0,0,0,0,0.0,0,,,20230929
079960,0,0,0,0,0,0,0.0,0,,,20230929
228340,0,0,0,0,0,0,0.0,0,,,20230929
088910,0,0,0,0,0,0,0.0,0,,,20230929
094170,0,0,0,0,0,0,0.0,0,,,20230929
013120,0,0,0,0,0,0,0.0,0,,,20230929
109860,0,0,0,0,0,0,0.0,0,,,20230929
032960,0,0,0,0,0,0,0.0,0,,,20230929
023790,0,0,0,0,0,0,0.0,0,,,20230929
005290,0,0,0,0,0,0,0.0,0,,,20230929
025900,0,0,0,0,0,0,0.0,0,,,20230929
131970,0,0,0,0,0,0,0.0,0,,,20230929
073190,0,0,0,0,0,0,0.0,0,,,20230929
030350,0,0,0,0,0,0,0.0,0,,,20230929
203650,0,0,0,0,0,0,0.0,0,,,20230929
223250,0,0,0,0,0,0,0.0,0,,,20230929
060570,0,0,0,0,0,0,0.0,0,,,20230929
217620,0,0,0,0,0,0,0.0,0,,,20230929
016670,0,0,0,0,0,0,0.0,0,,,20230929
187870,0,0,0,0,0,0,0.0,0,,,20230929
066670,0,0,0,0,0,0,0.0,0,,,20230929
110990,0,0,0,0,0,0,0.0,0,,,20230929
263690,0,0,0,0,0,0,0.0,0,,,20230929
214680,0,0,0,0,0,0,0.0,0,,,20230929
263720,0,0,0,0,0,0,0.0,0,,,20230929
376300,0,0,0,0,0,0,0.0,0,,,20230929
141020,0,0,0,0,0,0,0.0,0,,,20230929
109740,0,0,0,0,0,0,0.0,0,,,20230929
196490,0,0,0,0,0,0,0.0,0,,,20230929
066900,0,0,0,0,0,0,0.0,0,,,20230929
127120,0,0,0,0,0,0,0.0,0,,,20230929
092070,0,0,0,0,0,0,0.0,0,,,20230929
039840,0,0,0,0,0,0,0.0,0,,,20230929
219550,0,0,0,0,0,0,0.0,0,,,20230929
310870,0,0,0,0,0,0,0.0,0,,,20230929
104460,0,0,0,0,0,0,0.0,0,,,20230929
079810,0,0,0,0,0,0,0.0,0,,,20230929
113810,0,0,0,0,0,0,0.0,0,,,20230929
043360,0,0,0,0,0,0,0.0,0,,,20230929
197140,0,0,0,0,0,0,0.0,0,,,20230929
068930,0,0,0,0,0,0,0.0,0,,,20230929
033130,0,0,0,0,0,0,0.0,0,,,20230929
105740,0,0,0,0,0,0,0.0,0,,,20230929
263020,0,0,0,0,0,0,0.0,0,,,20230929
290550,0,0,0,0,0,0,0.0,0,,,20230929
187220,0,0,0,0,0,0,0.0,0,,,20230929
383930,0,0,0,0,0,0,0.0,0,,,20230929
131180,0,0,0,0,0,0,0.0,0,,,20230929
315640,0,0,0,0,0,0,0.0,0,,,20230929
317120,0,0,0,0,0,0,0.0,0,,,20230929
042510,0,0,0,0,0,0,0.0,0,,,20230929
232680,0,0,0,0,0,0,0.0,0,,,20230929
418420,0,0,0,0,0,0,0.0,0,,,20230929
300120,0,0,0,0,0,0,0.0,0,,,20230929
171120,0,0,0,0,0,0,0.0,0,,,20230929
388790,0,0,0,0,0,0,0.0,0,,,20230929
069540,0,0,0,0,0,0,0.0,0,,,20230929
347700,0,0,0,0,0,0,0.0,0,,,20230929
214260,0,0,0,0,0,0,0.0,0,,,20230929
200350,0,0,0,0,0,0,0.0,0,,,20230929
171010,0,0,0,0,0,0,0.0,0,,,20230929
084650,0,0,0,0,0,0,0.0,0,,,20230929
217500,0,0,0,0,0,0,0.0,0,,,20230929
141080,0,0,0,0,0,0,0.0,0,,,20230929
038390,0,0,0,0,0,0,0.0,0,,,20230929
294140,0,0,0,0,0,0,0.0,0,,,20230929
228670,0,0,0,0,0,0,0.0,0,,,20230929
228850,0,0,0,0,0,0,0.0,0,,,20230929
412350,0,0,0,0,0,0,0.0,0,,,20230929
281740,0,0,0,0,0,0,0.0,0,,,20230929
277810,0,0,0,0,0,0,0.0,0,,,20230929
215100,0,0,0,0,0,0,0.0,0,,,20230929
090360,0,0,0,0,0,0,0.0,0,,,20230929
108490,0,0,0,0,0,0,0.0,0,,,20230929
900260,0,0,0,0,0,0,0.0,0,,,20230929
067730,0,0,0,0,0,0,0.0,0,,,20230929
071280,0,0,0,0,0,0,0.0,0,,,20230929
328130,0,0,0,0,0,0,0.0,0,,,20230929
038060,0,0,0,0,0,0,0.0,0,,,20230929
085370,0,0,0,0,0,0,0.0,0,,,20230929
08537M,0,0,0,0,0,0,0.0,0,,,20230929
060240,0,0,0,0,0,0,0.0,0,,,20230929
058470,0,0,0,0,0,0,0.0,0,,,20230929
039980,0,0,0,0,0,0,0.0,0,,,20230929
019570,0,0,0,0,0,0,0.0,0,,,20230929
016100,0,0,0,0,0,0,0.0,0,,,20230929
012700,0,0,0,0,0,0,0.0,0,,,20230929
302550,0,0,0,0,0,0,0.0,0,,,20230929
073570,0,0,0,0,0,0,0.0,0,,,20230929
377450,0,0,0,0,0,0,0.0,0,,,20230929
277070,0,0,0,0,0,0,0.0,0,,,20230929
042500,0,0,0,0,0,0,0.0,0,,,20230929
219420,0,0,0,0,0,0,0.0,0,,,20230929
439090,0,0,0,0,0,0,0.0,0,,,20230929
195500,0,0,0,0,0,0,0.0,0,,,20230929
377480,0,0,0,0,0,0,0.0,0,,,20230929
305090,0,0,0,0,0,0,0.0,0,,,20230929
098120,0,0,0,0,0,0,0.0,0,,,20230929
424980,0,0,0,0,0,0,0.0,0,,,20230929
038290,0,0,0,0,0,0,0.0,0,,,20230929
267980,0,0,0,0,0,0,0.0,0,,,20230929
005990,0,0,0,0,0,0,0.0,0,,,20230929
093520,0,0,0,0,0,0,0.0,0,,,20230929
377030,0,0,0,0,0,0,0.0,0,,,20230929
100590,0,0,0,0,0,0,0.0,0,,,20230929
067280,0,0,0,0,0,0,0.0,0,,,20230929
072870,0,0,0,0,0,0,0.0,0,,,20230929
215200,0,0,0,0,0,0,0.0,0,,,20230929
133750,0,0,0,0,0,0,0.0,0,,,20230929
235980,0,0,0,0,0,0,0.0,0,,,20230929
041920,0,0,0,0,0,0,0.0,0,,,20230929
014100,0,0,0,0,0,0,0.0,0,,,20230929
054180,0,0,0,0,0,0,0.0,0,,,20230929
086900,0,0,0,0,0,0,0.0,0,,,20230929
078160,0,0,0,0,0,0,0.0,0,,,20230929
065650,0,0,0,0,0,0,0.0,0,,,20230929
408920,0,0,0,0,0,0,0.0,0,,,20230929
021880,0,0,0,0,0,0,0.0,0,,,20230929
140410,0,0,0,0,0,0,0.0,0,,,20230929
241770,0,0,0,0,0,0,0.0,0,,,20230929
059210,0,0,0,0,0,0,0.0,0,,,20230929
058110,0,0,0,0,0,0,0.0,0,,,20230929
257370,0,0,0,0,0,0,0.0,0,,,20230929
434480,0,0,0,0,0,0,0.0,0,,,20230929
080420,0,0,0,0,0,0,0.0,0,,,20230929
417970,0,0,0,0,0,0,0.0,0,,,20230929
080160,0,0,0,0,0,0,0.0,0,,,20230929
087260,0,0,0,0,0,0,0.0,0,,,20230929
101330,0,0,0,0,0,0,0.0,0,,,20230929
012860,0,0,0,0,0,0,0.0,0,,,20230929
363260,0,0,0,0,0,0,0.0,0,,,20230929
348030,0,0,0,0,0,0,0.0,0,,,20230929
250060,0,0,0,0,0,0,0.0,0,,,20230929
288980,0,0,0,0,0,0,0.0,0,,,20230929
033200,0,0,0,0,0,0,0.0,0,,,20230929
333050,0,0,0,0,0,0,0.0,0,,,20230929
118990,0,0,0,0,0,0,0.0,0,,,20230929
006920,0,0,0,0,0,0,0.0,0,,,20230929
001810,0,0,0,0,0,0,0.0,0,,,20230929
279600,0,0,0,0,0,0,0.0,0,,,20230929
095500,0,0,0,0,0,0,0.0,0,,,20230929
254490,0,0,0,0,0,0,0.0,0,,,20230929
218150,0,0,0,0,0,0,0.0,0,,,20230929
442900,0,0,0,0,0,0,0.0,0,,,20230929
100790,0,0,0,0,0,0,0.0,0,,,20230929
412930,0,0,0,0,0,0,0.0,0,,,20230929
446190,0,0,0,0,0,0,0.0,0,,,20230929
448830,0,0,0,0,0,0,0.0,0,,,20230929
049950,0,0,0,0,0,0,0.0,0,,,20230929
207760,0,0,0,0,0,0,0.0,0,,,20230929
059090,0,0,0,0,0,0,0.0,0,,,20230929
214610,0,0,0,0,0,0,0.0,0,,,20230929
201490,0,0,0,0,0,0,0.0,0,,,20230929
950190,0,0,0,0,0,0,0.0,0,,,20230929
418470,0,0,0,0,0,0,0.0,0,,,20230929
206640,0,0,0,0,0,0,0.0,0,,,20230929
018700,0,0,0,0,0,0,0.0,0,,,20230929
035620,0,0,0,0,0,0,0.0,0,,,20230929
053030,0,0,0,0,0,0,0.0,0,,,20230929
301300,0,0,0,0,0,0,0.0,0,,,20230929
064550,0,0,0,0,0,0,0.0,0,,,20230929
314930,0,0,0,0,0,0,0.0,0,,,20230929
208710,0,0,0,0,0,0,0.0,0,,,20230929
086820,0,0,0,0,0,0,0.0,0,,,20230929
038460,0,0,0,0,0,0,0.0,0,,,20230929
251120,0,0,0,0,0,0,0.0,0,,,20230929
199730,0,0,0,0,0,0,0.0,0,,,20230929
086040,0,0,0,0,0,0,0.0,0,,,20230929
099430,0,0,0,0,0,0,0.0,0,,,20230929
032980,0,0,0,0,0,0,0.0,0,,,20230929
222160,0,0,0,0,0,0,0.0,0,,,20230929
308080,0,0,0,0,0,0,0.0,0,,,20230929
043150,0,0,0,0,0,0,0.0,0,,,20230929
323990,0,0,0,0,0,0,0.0,0,,,20230929
267790,0,0,0,0,0,0,0.0,0,,,20230929
046310,0,0,0,0,0,0,0.0,0,,,20230929
331520,0,0,0,0,0,0,0.0,0,,,20230929
438700,0,0,0,0,0,0,0.0,0,,,20230929
066410,0,0,0,0,0,0,0.0,0,,,20230929
382900,0,0,0,0,0,0,0.0,0,,,20230929
206400,0,0,0,0,0,0,0.0,0,,,20230929
019010,0,0,0,0,0,0,0.0,0,,,20230929
177350,0,0,0,0,0,0,0.0,0,,,20230929
299910,0,0,0,0,0,0,0.0,0,,,20230929
424760,0,0,0,0,0,0,0.0,0,,,20230929
225530,0,0,0,0,0,0,0.0,0,,,20230929
250000,0,0,0,0,0,0,0.0,0,,,20230929
310210,0,0,0,0,0,0,0.0,0,,,20230929
006910,0,0,0,0,0,0,0.0,0,,,20230929
226340,0,0,0,0,0,0,0.0,0,,,20230929
014470,0,0,0,0,0,0,0.0,0,,,20230929
008470,0,0,0,0,0,0,0.0,0,,,20230929
338220,0,0,0,0,0,0,0.0,0,,,20230929
100120,0,0,0,0,0,0,0.0,0,,,20230929
406820,0,0,0,0,0,0,0.0,0,,,20230929
337930,0,0,0,0,0,0,0.0,0,,,20230929
099390,0,0,0,0,0,0,0.0,0,,,20230929
064480,0,0,0,0,0,0,0.0,0,,,20230929
288330,0,0,0,0,0,0,0.0,0,,,20230929
365900,0,0,0,0,0,0,0.0,0,,,20230929
251630,0,0,0,0,0,0,0.0,0,,,20230929
018290,0,0,0,0,0,0,0.0,0,,,20230929
044480,0,0,0,0,0,0,0.0,0,,,20230929
033560,0,0,0,0,0,0,0.0,0,,,20230929
369370,0,0,0,0,0,0,0.0,0,,,20230929
126340,0,0,0,0,0,0,0.0,0,,,20230929
121800,0,0,0,0,0,0,0.0,0,,,20230929
148140,0,0,0,0,0,0,0.0,0,,,20230929
082800,0,0,0,0,0,0,0.0,0,,,20230929
318410,0,0,0,0,0,0,0.0,0,,,20230929
419540,0,0,0,0,0,0,0.0,0,,,20230929
146320,0,0,0,0,0,0,0.0,0,,,20230929
200780,0,0,0,0,0,0,0.0,0,,,20230929
141000,0,0,0,0,0,0,0.0,0,,,20230929
083650,0,0,0,0,0,0,0.0,0,,,20230929
445360,0,0,0,0,0,0,0.0,0,,,20230929
142760,0,0,0,0,0,0,0.0,0,,,20230929
065170,0,0,0,0,0,0,0.0,0,,,20230929
086670,0,0,0,0,0,0,0.0,0,,,20230929
335890,0,0,0,0,0,0,0.0,0,,,20230929
138580,0,0,0,0,0,0,0.0,0,,,20230929
082920,0,0,0,0,0,0,0.0,0,,,20230929
054220,0,0,0,0,0,0,0.0,0,,,20230929
042370,0,0,0,0,0,0,0.0,0,,,20230929
050090,0,0,0,0,0,0,0.0,0,,,20230929
307870,0,0,0,0,0,0,0.0,0,,,20230929
357880,0,0,0,0,0,0,0.0,0,,,20230929
032850,0,0,0,0,0,0,0.0,0,,,20230929
148780,0,0,0,0,0,0,0.0,0,,,20230929
238200,0,0,0,0,0,0,0.0,0,,,20230929
093190,0,0,0,0,0,0,0.0,0,,,20230929
065450,0,0,0,0,0,0,0.0,0,,,20230929
210120,0,0,0,0,0,0,0.0,0,,,20230929
072950,0,0,0,0,0,0,0.0,0,,,20230929
143240,0,0,0,0,0,0,0.0,0,,,20230929
419120,0,0,0,0,0,0,0.0,0,,,20230929
122350,0,0,0,0,0,0,0.0,0,,,20230929
419050,0,0,0,0,0,0,0.0,0,,,20230929
014970,0,0,0,0,0,0,0.0,0,,,20230929
018310,0,0,0,0,0,0,0.0,0,,,20230929
053700,0,0,0,0,0,0,0.0,0,,,20230929
009620,0,0,0,0,0,0,0.0,0,,,20230929
023600,0,0,0,0,0,0,0.0,0,,,20230929
380320,0,0,0,0,0,0,0.0,0,,,20230929
377630,0,0,0,0,0,0,0.0,0,,,20230929
425290,0,0,0,0,0,0,0.0,0,,,20230929
439250,0,0,0,0,0,0,0.0,0,,,20230929
448740,0,0,0,0,0,0,0.0,0,,,20230929
009300,0,0,0,0,0,0,0.0,0,,,20230929
225190,0,0,0,0,0,0,0.0,0,,,20230929
361670,0,0,0,0,0,0,0.0,0,,,20230929
054540,0,0,0,0,0,0,0.0,0,,,20230929
065570,0,0,0,0,0,0,0.0,0,,,20230929
032280,0,0,0,0,0,0,0.0,0,,,20230929
002290,0,0,0,0,0,0,0.0,0,,,20230929
037460,0,0,0,0,0,0,0.0,0,,,20230929
032750,0,0,0,0,0,0,0.0,0,,,20230929
054090,0,0,0,0,0,0,0.0,0,,,20230929
000250,0,0,0,0,0,0,0.0,0,,,20230929
024950,0,0,0,0,0,0,0.0,0,,,20230929
038500,0,0,0,0,0,0,0.0,0,,,20230929
017480,0,0,0,0,0,0,0.0,0,,,20230929
046390,0,0,0,0,0,0,0.0,0,,,20230929
027580,0,0,0,0,0,0,0.0,0,,,20230929
038540,0,0,0,0,0,0,0.0,0,,,20230929
101000,0,0,0,0,0,0,0.0,0,,,20230929
415580,0,0,0,0,0,0,0.0,0,,,20230929
452670,0,0,0,0,0,0,0.0,0,,,20230929
091580,0,0,0,0,0,0,0.0,0,,,20230929
263810,0,0,0,0,0,0,0.0,0,,,20230929
089980,0,0,0,0,0,0,0.0,0,,,20230929
042940,0,0,0,0,0,0,0.0,0,,,20230929
042600,0,0,0,0,0,0,0.0,0,,,20230929
107600,0,0,0,0,0,0,0.0,0,,,20230929
411080,0,0,0,0,0,0,0.0,0,,,20230929
252990,0,0,0,0,0,0,0.0,0,,,20230929
378800,0,0,0,0,0,0,0.0,0,,,20230929
294630,0,0,0,0,0,0,0.0,0,,,20230929
038070,0,0,0,0,0,0,0.0,0,,,20230929
006730,0,0,0,0,0,0,0.0,0,,,20230929
079650,0,0,0,0,0,0,0.0,0,,,20230929
100660,0,0,0,0,0,0,0.0,0,,,20230929
019770,0,0,0,0,0,0,0.0,0,,,20230929
043710,0,0,0,0,0,0,0.0,0,,,20230929
092190,0,0,0,0,0,0,0.0,0,,,20230929
046890,0,0,0,0,0,0,0.0,0,,,20230929
063170,0,0,0,0,0,0,0.0,0,,,20230929
027040,0,0,0,0,0,0,0.0,0,,,20230929
018680,0,0,0,0,0,0,0.0,0,,,20230929
093920,0,0,0,0,0,0,0.0,0,,,20230929
189860,0,0,0,0,0,0,0.0,0,,,20230929
178320,0,0,0,0,0,0,0.0,0,,,20230929
122690,0,0,0,0,0,0,0.0,0,,,20230929
140070,0,0,0,0,0,0,0.0,0,,,20230929
011370,0,0,0,0,0,0,0.0,0,,,20230929
065710,0,0,0,0,0,0,0.0,0,,,20230929
035890,0,0,0,0,0,0,0.0,0,,,20230929
357550,0,0,0,0,0,0,0.0,0,,,20230929
003100,0,0,0,0,0,0,0.0,0,,,20230929
067370,0,0,0,0,0,0,0.0,0,,,20230929
171090,0,0,0,0,0,0,0.0,0,,,20230929
086710,0,0,0,0,0,0,0.0,0,,,20230929
014620,0,0,0,0,0,0,0.0,0,,,20230929
037350,0,0,0,0,0,0,0.0,0,,,20230929
081580,0,0,0,0,0,0,0.0,0,,,20230929
045300,0,0,0,0,0,0,0.0,0,,,20230929
015750,0,0,0,0,0,0,0.0,0,,,20230929
365340,0,0,0,0,0,0,0.0,0,,,20230929
080470,0,0,0,0,0,0,0.0,0,,,20230929
043260,0,0,0,0,0,0,0.0,0,,,20230929
148150,0,0,0,0,0,0,0.0,0,,,20230929
053060,0,0,0,0,0,0,0.0,0,,,20230929
340440,0,0,0,0,0,0,0.0,0,,,20230929
017510,0,0,0,0,0,0,0.0,0,,,20230929
011560,0,0,0,0,0,0,0.0,0,,,20230929
396300,0,0,0,0,0,0,0.0,0,,,20230929
100700,0,0,0,0,0,0,0.0,0,,,20230929
024830,0,0,0,0,0,0,0.0,0,,,20230929
258830,0,0,0,0,0,0,0.0,0,,,20230929
036630,0,0,0,0,0,0,0.0,0,,,20230929
039310,0,0,0,0,0,0,0.0,0,,,20230929
067770,0,0,0,0,0,0,0.0,0,,,20230929
053450,0,0,0,0,0,0,0.0,0,,,20230929
222810,0,0,0,0,0,0,0.0,0,,,20230929
252500,0,0,0,0,0,0,0.0,0,,,20230929
321370,0,0,0,0,0,0,0.0,0,,,20230929
347000,0,0,0,0,0,0,0.0,0,,,20230929
331920,0,0,0,0,0,0,0.0,0,,,20230929
049180,0,0,0,0,0,0,0.0,0,,,20230929
299660,0,0,0,0,0,0,0.0,0,,,20230929
268600,0,0,0,0,0,0,0.0,0,,,20230929
108860,0,0,0,0,0,0,0.0,0,,,20230929
208370,0,0,0,0,0,0,0.0,0,,,20230929
318160,0,0,0,0,0,0,0.0,0,,,20230929
068760,0,0,0,0,0,0,0.0,0,,,20230929
091990,0,0,0,0,0,0,0.0,0,,,20230929
068940,0,0,0,0,0,0,0.0,0,,,20230929
060230,0,0,0,0,0,0,0.0,0,,,20230929
290690,0,0,0,0,0,0,0.0,0,,,20230929
950200,0,0,0,0,0,0,0.0,0,,,20230929
032680,0,0,0,0,0,0,0.0,0,,,20230929
032685,0,0,0,0,0,0,0.0,0,,,20230929
258790,0,0,0,0,0,0,0.0,0,,,20230929
066910,0,0,0,0,0,0,0.0,0,,,20230929
043100,0,0,0,0,0,0,0.0,0,,,20230929
035610,0,0,0,0,0,0,0.0,0,,,20230929
357780,0,0,0,0,0,0,0.0,0,,,20230929
036830,0,0,0,0,0,0,0.0,0,,,20230929
304100,0,0,0,0,0,0,0.0,0,,,20230929
328380,0,0,0,0,0,0,0.0,0,,,20230929
086980,0,0,0,0,0,0,0.0,0,,,20230929
050960,0,0,0,0,0,0,0.0,0,,,20230929
084180,0,0,0,0,0,0,0.0,0,,,20230929
253840,0,0,0,0,0,0,0.0,0,,,20230929
298830,0,0,0,0,0,0,0.0,0,,,20230929
236200,0,0,0,0,0,0,0.0,0,,,20230929
094840,0,0,0,0,0,0,0.0,0,,,20230929
192440,0,0,0,0,0,0,0.0,0,,,20230929
424960,0,0,0,0,0,0,0.0,0,,,20230929
136510,0,0,0,0,0,0,0.0,0,,,20230929
099440,0,0,0,0,0,0,0.0,0,,,20230929
033790,0,0,0,0,0,0,0.0,0,,,20230929
276040,0,0,0,0,0,0,0.0,0,,,20230929
159910,0,0,0,0,0,0,0.0,0,,,20230929
115570,0,0,0,0,0,0,0.0,0,,,20230929
330730,0,0,0,0,0,0,0.0,0,,,20230929
253450,0,0,0,0,0,0,0.0,0,,,20230929
408900,0,0,0,0,0,0,0.0,0,,,20230929
204630,0,0,0,0,0,0,0.0,0,,,20230929
013810,0,0,0,0,0,0,0.0,0,,,20230929
203690,0,0,0,0,0,0,0.0,0,,,20230929
049830,0,0,0,0,0,0,0.0,0,,,20230929
020710,0,0,0,0,0,0,0.0,0,,,20230929
033170,0,0,0,0,0,0,0.0,0,,,20230929
048870,0,0,0,0,0,0,0.0,0,,,20230929
025320,0,0,0,0,0,0,0.0,0,,,20230929
269620,0,0,0,0,0,0,0.0,0,,,20230929
429270,0,0,0,0,0,0,0.0,0,,,20230929
418250,0,0,0,0,0,0,0.0,0,,,20230929
131090,0,0,0,0,0,0,0.0,0,,,20230929
232830,0,0,0,0,0,0,0.0,0,,,20230929
139050,0,0,0,0,0,0,0.0,0,,,20230929
290520,0,0,0,0,0,0,0.0,0,,,20230929
001000,0,0,0,0,0,0,0.0,0,,,20230929
025870,0,0,0,0,0,0,0.0,0,,,20230929
215600,0,0,0,0,0,0,0.0,0,,,20230929
065350,0,0,0,0,0,0,0.0,0,,,20230929
162300,0,0,0,0,0,0,0.0,0,,,20230929
002800,0,0,0,0,0,0,0.0,0,,,20230929
419270,0,0,0,0,0,0,0.0,0,,,20230929
430220,0,0,0,0,0,0,0.0,0,,,20230929
445970,0,0,0,0,0,0,0.0,0,,,20230929
017000,0,0,0,0,0,0,0.0,0,,,20230929
012790,0,0,0,0,0,0,0.0,0,,,20230929
138070,0,0,0,0,0,0,0.0,0,,,20230929
226330,0,0,0,0,0,0,0.0,0,,,20230929
418210,0,0,0,0,0,0,0.0,0,,,20230929
393360,0,0,0,0,0,0,0.0,0,,,20230929
405640,0,0,0,0,0,0,0.0,0,,,20230929
056700,0,0,0,0,0,0,0.0,0,,,20230929
187270,0,0,0,0,0,0,0.0,0,,,20230929
243840,0,0,0,0,0,0,0.0,0,,,20230929
257720,0,0,0,0,0,0,0.0,0,,,20230929
222800,0,0,0,0,0,0,0.0,0,,,20230929
036710,0,0,0,0,0,0,0.0,0,,,20230929
160980,0,0,0,0,0,0,0.0,0,,,20230929
356890,0,0,0,0,0,0,0.0,0,,,20230929
217330,0,0,0,0,0,0,0.0,0,,,20230929
010280,0,0,0,0,0,0,0.0,0,,,20230929
208640,0,0,0,0,0,0,0.0,0,,,20230929
222420,0,0,0,0,0,0,0.0,0,,,20230929
037760,0,0,0,0,0,0,0.0,0,,,20230929
099320,0,0,0,0,0,0,0.0,0,,,20230929
049960,0,0,0,0,0,0,0.0,0,,,20230929
050890,0,0,0,0,0,0,0.0,0,,,20230929
066790,0,0,0,0,0,0,0.0,0,,,20230929
222080,0,0,0,0,0,0,0.0,0,,,20230929
352480,0,0,0,0,0,0,0.0,0,,,20230929
264660,0,0,0,0,0,0,0.0,0,,,20230929
352700,0,0,0,0,0,0,0.0,0,,,20230929
297090,0,0,0,0,0,0,0.0,0,,,20230929
359090,0,0,0,0,0,0,0.0,0,,,20230929
115530,0,0,0,0,0,0,0.0,0,,,20230929
115480,0,0,0,0,0,0,0.0,0,,,20230929
340810,0,0,0,0,0,0,0.0,0,,,20230929
376290,0,0,0,0,0,0,0.0,0,,,20230929
189330,0,0,0,0,0,0,0.0,0,,,20230929
096530,0,0,0,0,0,0,0.0,0,,,20230929
900120,0,0,0,0,0,0,0.0,0,,,20230929
101240,0,0,0,0,0,0,0.0,0,,,20230929
060590,0,0,0,0,0,0,0.0,0,,,20230929
260930,0,0,0,0,0,0,0.0,0,,,20230929
052300,0,0,0,0,0,0,0.0,0,,,20230929
013990,0,0,0,0,0,0,0.0,0,,,20230929
123860,0,0,0,0,0,0,0.0,0,,,20230929
025980,0,0,0,0,0,0,0.0,0,,,20230929
058220,0,0,0,0,0,0,0.0,0,,,20230929
125210,0,0,0,0,0,0,0.0,0,,,20230929
357580,0,0,0,0,0,0,0.0,0,,,20230929
052710,0,0,0,0,0,0,0.0,0,,,20230929
074430,0,0,0,0,0,0,0.0,0,,,20230929
092040,0,0,0,0,0,0,0.0,0,,,20230929
083930,0,0,0,0,0,0,0.0,0,,,20230929
149950,0,0,0,0,0,0,0.0,0,,,20230929
036010,0,0,0,0,0,0,0.0,0,,,20230929
050860,0,0,0,0,0,0,0.0,0,,,20230929
136410,0,0,0,0,0,0,0.0,0,,,20230929
246720,0,0,0,0,0,0,0.0,0,,,20230929
067390,0,0,0,0,0,0,0.0,0,,,20230929
159010,0,0,0,0,0,0,0.0,0,,,20230929
127710,0,0,0,0,0,0,0.0,0,,,20230929
154030,0,0,0,0,0,0,0.0,0,,,20230929
227610,0,0,0,0,0,0,0.0,0,,,20230929
143160,0,0,0,0,0,0,0.0,0,,,20230929
054800,0,0,0,0,0,0,0.0,0,,,20230929
332370,0,0,0,0,0,0,0.0,0,,,20230929
339950,0,0,0,0,0,0,0.0,0,,,20230929
099190,0,0,0,0,0,0,0.0,0,,,20230929
289010,0,0,0,0,0,0,0.0,0,,,20230929
214430,0,0,0,0,0,0,0.0,0,,,20230929
040910,0,0,0,0,0,0,0.0,0,,,20230929
368600,0,0,0,0,0,0,0.0,0,,,20230929
052860,0,0,0,0,0,0,0.0,0,,,20230929
069920,0,0,0,0,0,0,0.0,0,,,20230929
038880,0,0,0,0,0,0,0.0,0,,,20230929
307180,0,0,0,0,0,0,0.0,0,,,20230929
101390,0,0,0,0,0,0,0.0,0,,,20230929
078860,0,0,0,0,0,0,0.0,0,,,20230929
090150,0,0,0,0,0,0,0.0,0,,,20230929
123010,0,0,0,0,0,0,0.0,0,,,20230929
031310,0,0,0,0,0,0,0.0,0,,,20230929
185490,0,0,0,0,0,0,0.0,0,,,20230929
059100,0,0,0,0,0,0,0.0,0,,,20230929
262840,0,0,0,0,0,0,0.0,0,,,20230929
175250,0,0,0,0,0,0,0.0,0,,,20230929
052460,0,0,0,0,0,0,0.0,0,,,20230929
119830,0,0,0,0,0,0,0.0,0,,,20230929
052770,0,0,0,0,0,0,0.0,0,,,20230929
124500,0,0,0,0,0,0,0.0,0,,,20230929
372800,0,0,0,0,0,0,0.0,0,,,20230929
084850,0,0,0,0,0,0,0.0,0,,,20230929
114840,0,0,0,0,0,0,0.0,0,,,20230929
027360,0,0,0,0,0,0,0.0,0,,,20230929
032080,0,0,0,0,0,0,0.0,0,,,20230929
013310,0,0,0,0,0,0,0.0,0,,,20230929
059120,0,0,0,0,0,0,0.0,0,,,20230929
158430,0,0,0,0,0,0,0.0,0,,,20230929
067160,0,0,0,0,0,0,0.0,0,,,20230929
001540,0,0,0,0,0,0,0.0,0,,,20230929
053800,0,0,0,0,0,0,0.0,0,,,20230929
065660,0,0,0,0,0,0,0.0,0,,,20230929
297570,0,0,0,0,0,0,0.0,0,,,20230929
260660,0,0,0,0,0,0,0.0,0,,,20230929
354320,0,0,0,0,0,0,0.0,0,,,20230929
361570,0,0,0,0,0,0,0.0,0,,,20230929
131370,0,0,0,0,0,0,0.0,0,,,20230929
140670,0,0,0,0,0,0,0.0,0,,,20230929
096610,0,0,0,0,0,0,0.0,0,,,20230929
061040,0,0,0,0,0,0,0.0,0,,,20230929
148250,0,0,0,0,0,0,0.0,0,,,20230929
347860,0,0,0,0,0,0,0.0,0,,,20230929
196170,0,0,0,0,0,0,0.0,0,,,20230929
123750,0,0,0,0,0,0,0.0,0,,,20230929
085810,0,0,0,0,0,0,0.0,0,,,20230929
117670,0,0,0,0,0,0,0.0,0,,,20230929
314140,0,0,0,0,0,0,0.0,0,,,20230929
291650,0,0,0,0,0,0,0.0,0,,,20230929
293780,0,0,0,0,0,0,0.0,0,,,20230929
196300,0,0,0,0,0,0,0.0,0,,,20230929
310200,0,0,0,0,0,0,0.0,0,,,20230929
179530,0,0,0,0,0,0,0.0,0,,,20230929
900100,0,0,0,0,0,0,0.0,0,,,20230929
205500,0,0,0,0,0,0,0.0,0,,,20230929
052790,0,0,0,0,0,0,0.0,0,,,20230929
290740,0,0,0,0,0,0,0.0,0,,,20230929
238090,0,0,0,0,0,0,0.0,0,,,20230929
092600,0,0,0,0,0,0,0.0,0,,,20230929
129890,0,0,0,0,0,0,0.0,0,,,20230929
174900,0,0,0,0,0,0,0.0,0,,,20230929
255440,0,0,0,0,0,0,0.0,0,,,20230929
030960,0,0,0,0,0,0,0.0,0,,,20230929
102120,0,0,0,0,0,0,0.0,0,,,20230929
263540,0,0,0,0,0,0,0.0,0,,,20230929
238120,0,0,0,0,0,0,0.0,0,,,20230929
019990,0,0,0,0,0,0,0.0,0,,,20230929
270660,0,0,0,0,0,0,0.0,0,,,20230929
038680,0,0,0,0,0,0,0.0,0,,,20230929
217480,0,0,0,0,0,0,0.0,0,,,20230929
121890,0,0,0,0,0,0,0.0,0,,,20230929
304360,0,0,0,0,0,0,0.0,0,,,20230929
389500,0,0,0,0,0,0,0.0,0,,,20230929
042110,0,0,0,0,0,0,0.0,0,,,20230929
298060,0,0,0,0,0,0,0.0,0,,,20230929
065420,0,0,0,0,0,0,0.0,0,,,20230929
103230,0,0,0,0,0,0,0.0,0,,,20230929
260970,0,0,0,0,0,0,0.0,0,,,20230929
101490,0,0,0,0,0,0,0.0,0,,,20230929
095910,0,0,0,0,0,0,0.0,0,,,20230929
275630,0,0,0,0,0,0,0.0,0,,,20230929
031330,0,0,0,0,0,0,0.0,0,,,20230929
060540,0,0,0,0,0,0,0.0,0,,,20230929
351320,0,0,0,0,0,0,0.0,0,,,20230929
056190,0,0,0,0,0,0,0.0,0,,,20230929
080000,0,0,0,0,0,0,0.0,0,,,20230929
214310,0,0,0,0,0,0,0.0,0,,,20230929
041510,0,0,0,0,0,0,0.0,0,,,20230929
007820,0,0,0,0,0,0,0.0,0,,,20230929
109610,0,0,0,0,0,0,0.0,0,,,20230929
031860,0,0,0,0,0,0,0.0,0,,,20230929
306040,0,0,0,0,0,0,0.0,0,,,20230929
457940,0,0,0,0,0,0,0.0,0,,,20230929
435870,0,0,0,0,0,0,0.0,0,,,20230929
455910,0,0,0,0,0,0,0.0,0,,,20230929
096630,0,0,0,0,0,0,0.0,0,,,20230929
069510,0,0,0,0,0,0,0.0,0,,,20230929
041910,0,0,0,0,0,0,0.0,0,,,20230929
234300,0,0,0,0,0,0,0.0,0,,,20230929
039440,0,0,0,0,0,0,0.0,0,,,20230929
098660,0,0,0,0,0,0,0.0,0,,,20230929
052020,0,0,0,0,0,0,0.0,0,,,20230929
237690,0,0,0,0,0,0,0.0,0,,,20230929
050760,0,0,0,0,0,0,0.0,0,,,20230929
288620,0,0,0,0,0,0,0.0,0,,,20230929
317830,0,0,0,0,0,0,0.0,0,,,20230929
058610,0,0,0,0,0,0,0.0,0,,,20230929
043340,0,0,0,0,0,0,0.0,0,,,20230929
187660,0,0,0,0,0,0,0.0,0,,,20230929
054630,0,0,0,0,0,0,0.0,0,,,20230929
200710,0,0,0,0,0,0,0.0,0,,,20230929
096690,0,0,0,0,0,0,0.0,0,,,20230929
298380,0,0,0,0,0,0,0.0,0,,,20230929
203400,0,0,0,0,0,0,0.0,0,,,20230929
195990,0,0,0,0,0,0,0.0,0,,,20230929
003800,0,0,0,0,0,0,0.0,0,,,20230929
088800,0,0,0,0,0,0,0.0,0,,,20230929
241840,0,0,0,0,0,0,0.0,0,,,20230929
312610,0,0,0,0,0,0,0.0,0,,,20230929
172670,0,0,0,0,0,0,0.0,0,,,20230929
072990,0,0,0,0,0,0,0.0,0,,,20230929
227100,0,0,0,0,0,0,0.0,0,,,20230929
239610,0,0,0,0,0,0,0.0,0,,,20230929
148930,0,0,0,0,0,0,0.0,0,,,20230929
044780,0,0,0,0,0,0,0.0,0,,,20230929
357230,0,0,0,0,0,0,0.0,0,,,20230929
071670,0,0,0,0,0,0,0.0,0,,,20230929
045660,0,0,0,0,0,0,0.0,0,,,20230929
224110,0,0,0,0,0,0,0.0,0,,,20230929
230980,0,0,0,0,0,0,0.0,0,,,20230929
021080,0,0,0,0,0,0,0.0,0,,,20230929
089530,0,0,0,0,0,0,0.0,0,,,20230929
200470,0,0,0,0,0,0,0.0,0,,,20230929
262260,0,0,0,0,0,0,0.0,0,,,20230929
109960,0,0,0,0,0,0,0.0,0,,,20230929
397030,0,0,0,0,0,0,0.0,0,,,20230929
089970,0,0,0,0,0,0,0.0,0,,,20230929
230240,0,0,0,0,0,0,0.0,0,,,20230929
230360,0,0,0,0,0,0,0.0,0,,,20230929
038870,0,0,0,0,0,0,0.0,0,,,20230929
097780,0,0,0,0,0,0,0.0,0,,,20230929
101360,0,0,0,0,0,0,0.0,0,,,20230929
128540,0,0,0,0,0,0,0.0,0,,,20230929
086520,0,0,0,0,0,0,0.0,0,,,20230929
247540,0,0,0,0,0,0,0.0,0,,,20230929
383310,0,0,0,0,0,0,0.0,0,,,20230929
038110,0,0,0,0,0,0,0.0,0,,,20230929
073540,0,0,0,0,0,0,0.0,0,,,20230929
064850,0,0,0,0,0,0,0.0,0,,,20230929
036810,0,0,0,0,0,0,0.0,0,,,20230929
173940,0,0,0,0,0,0,0.0,0,,,20230929
083500,0,0,0,0,0,0,0.0,0,,,20230929
054940,0,0,0,0,0,0,0.0,0,,,20230929
043090,0,0,0,0,0,0,0.0,0,,,20230929
950130,0,0,0,0,0,0,0.0,0,,,20230929
205100,0,0,0,0,0,0,0.0,0,,,20230929
356680,0,0,0,0,0,0,0.0,0,,,20230929
070300,0,0,0,0,0,0,0.0,0,,,20230929
317770,0,0,0,0,0,0,0.0,0,,,20230929
092870,0,0,0,0,0,0,0.0,0,,,20230929
317870,0,0,0,0,0,0,0.0,0,,,20230929
067570,0,0,0,0,0,0,0.0,0,,,20230929
236810,0,0,0,0,0,0,0.0,0,,,20230929
333620,0,0,0,0,0,0,0.0,0,,,20230929
101400,0,0,0,0,0,0,0.0,0,,,20230929
391060,0,0,0,0,0,0,0.0,0,,,20230929
422040,0,0,0,0,0,0,0.0,0,,,20230929
437780,0,0,0,0,0,0,0.0,0,,,20230929
438580,0,0,0,0,0,0,0.0,0,,,20230929
439410,0,0,0,0,0,0,0.0,0,,,20230929
440820,0,0,0,0,0,0,0.0,0,,,20230929
450410,0,0,0,0,0,0,0.0,0,,,20230929
451700,0,0,0,0,0,0,0.0,0,,,20230929
265740,0,0,0,0,0,0,0.0,0,,,20230929
354200,0,0,0,0,0,0,0.0,0,,,20230929
419080,0,0,0,0,0,0,0.0,0,,,20230929
208860,0,0,0,0,0,0,0.0,0,,,20230929
183490,0,0,0,0,0,0,0.0,0,,,20230929
182400,0,0,0,0,0,0,0.0,0,,,20230929
348370,0,0,0,0,0,0,0.0,0,,,20230929
058450,0,0,0,0,0,0,0.0,0,,,20230929
069410,0,0,0,0,0,0,0.0,0,,,20230929
227950,0,0,0,0,0,0,0.0,0,,,20230929
291230,0,0,0,0,0,0,0.0,0,,,20230929
198080,0,0,0,0,0,0,0.0,0,,,20230929
048830,0,0,0,0,0,0,0.0,0,,,20230929
096870,0,0,0,0,0,0,0.0,0,,,20230929
138690,0,0,0,0,0,0,0.0,0,,,20230929
290650,0,0,0,0,0,0,0.0,0,,,20230929
066970,0,0,0,0,0,0,0.0,0,,,20230929
156100,0,0,0,0,0,0,0.0,0,,,20230929
073110,0,0,0,0,0,0,0.0,0,,,20230929
083310,0,0,0,0,0,0,0.0,0,,,20230929
037950,0,0,0,0,0,0,0.0,0,,,20230929
170920,0,0,0,0,0,0,0.0,0,,,20230929
058630,0,0,0,0,0,0,0.0,0,,,20230929
058970,0,0,0,0,0,0,0.0,0,,,20230929
019590,0,0,0,0,0,0,0.0,0,,,20230929
169330,0,0,0,0,0,0,0.0,0,,,20230929
373170,0,0,0,0,0,0,0.0,0,,,20230929
179290,0,0,0,0,0,0,0.0,0,,,20230929
009780,0,0,0,0,0,0,0.0,0,,,20230929
123040,0,0,0,0,0,0,0.0,0,,,20230929
323230,0,0,0,0,0,0,0.0,0,,,20230929
032790,0,0,0,0,0,0,0.0,0,,,20230929
033160,0,0,0,0,0,0,0.0,0,,,20230929
347890,0,0,0,0,0,0,0.0,0,,,20230929
033310,0,0,0,0,0,0,0.0,0,,,20230929
259630,0,0,0,0,0,0,0.0,0,,,20230929
115960,0,0,0,0,0,0,0.0,0,,,20230929
060850,0,0,0,0,0,0,0.0,0,,,20230929
143540,0,0,0,0,0,0,0.0,0,,,20230929
036560,0,0,0,0,0,0,0.0,0,,,20230929
265560,0,0,0,0,0,0,0.0,0,,,20230929
036000,0,0,0,0,0,0,0.0,0,,,20230929
250930,0,0,0,0,0,0,0.0,0,,,20230929
053280,0,0,0,0,0,0,0.0,0,,,20230929
122640,0,0,0,0,0,0,0.0,0,,,20230929
900300,0,0,0,0,0,0,0.0,0,,,20230929
045060,0,0,0,0,0,0,0.0,0,,,20230929
080520,0,0,0,0,0,0,0.0,0,,,20230929
039830,0,0,0,0,0,0,0.0,0,,,20230929
322310,0,0,0,0,0,0,0.0,0,,,20230929
046120,0,0,0,0,0,0,0.0,0,,,20230929
014940,0,0,0,0,0,0,0.0,0,,,20230929
065500,0,0,0,0,0,0,0.0,0,,,20230929
010470,0,0,0,0,0,0,0.0,0,,,20230929
417860,0,0,0,0,0,0,0.0,0,,,20230929
352910,0,0,0,0,0,0,0.0,0,,,20230929
053980,0,0,0,0,0,0,0.0,0,,,20230929
052420,0,0,0,0,0,0,0.0,0,,,20230929
241790,0,0,0,0,0,0,0.0,0,,,20230929
039200,0,0,0,0,0,0,0.0,0,,,20230929
226400,0,0,0,0,0,0,0.0,0,,,20230929
031510,0,0,0,0,0,0,0.0,0,,,20230929
368970,0,0,0,0,0,0,0.0,0,,,20230929
138080,0,0,0,0,0,0,0.0,0,,,20230929
080580,0,0,0,0,0,0,0.0,0,,,20230929
067170,0,0,0,0,0,0,0.0,0,,,20230929
353590,0,0,0,0,0,0,0.0,0,,,20230929
173130,0,0,0,0,0,0,0.0,0,,,20230929
440320,0,0,0,0,0,0,0.0,0,,,20230929
049480,0,0,0,0,0,0,0.0,0,,,20230929
394280,0,0,0,0,0,0,0.0,0,,,20230929
309930,0,0,0,0,0,0,0.0,0,,,20230929
244460,0,0,0,0,0,0,0.0,0,,,20230929
226950,0,0,0,0,0,0,0.0,0,,,20230929
057540,0,0,0,0,0,0,0.0,0,,,20230929
131030,0,0,0,0,0,0,0.0,0,,,20230929
082210,0,0,0,0,0,0,0.0,0,,,20230929
109080,0,0,0,0,0,0,0.0,0,,,20230929
380540,0,0,0,0,0,0,0.0,0,,,20230929
153710,0,0,0,0,0,0,0.0,0,,,20230929
321820,0,0,0,0,0,0,0.0,0,,,20230929
432430,0,0,0,0,0,0,0.0,0,,,20230929
122990,0,0,0,0,0,0,0.0,0,,,20230929
112290,0,0,0,0,0,0,0.0,0,,,20230929
232140,0,0,0,0,0,0,0.0,0,,,20230929
065530,0,0,0,0,0,0,0.0,0,,,20230929
067900,0,0,0,0,0,0,0.0,0,,,20230929
007530,0,0,0,0,0,0,0.0,0,,,20230929
155650,0,0,0,0,0,0,0.0,0,,,20230929
273640,0,0,0,0,0,0,0.0,0,,,20230929
251370,0,0,0,0,0,0,0.0,0,,,20230929
066430,0,0,0,0,0,0,0.0,0,,,20230929
193250,0,0,0,0,0,0,0.0,0,,,20230929
273060,0,0,0,0,0,0,0.0,0,,,20230929
019210,0,0,0,0,0,0,0.0,0,,,20230929
122870,0,0,0,0,0,0,0.0,0,,,20230929
332570,0,0,0,0,0,0,0.0,0,,,20230929
079000,0,0,0,0,0,0,0.0,0,,,20230929
403490,0,0,0,0,0,0,0.0,0,,,20230929
032820,0,0,0,0,0,0,0.0,0,,,20230929
041190,0,0,0,0,0,0,0.0,0,,,20230929
115440,0,0,0,0,0,0,0.0,0,,,20230929
046970,0,0,0,0,0,0,0.0,0,,,20230929
082850,0,0,0,0,0,0,0.0,0,,,20230929
215360,0,0,0,0,0,0,0.0,0,,,20230929
072470,0,0,0,0,0,0,0.0,0,,,20230929
073560,0,0,0,0,0,0,0.0,0,,,20230929
037400,0,0,0,0,0,0,0.0,0,,,20230929
153490,0,0,0,0,0,0,0.0,0,,,20230929
101170,0,0,0,0,0,0,0.0,0,,,20230929
066590,0,0,0,0,0,0,0.0,0,,,20230929
103840,0,0,0,0,0,0,0.0,0,,,20230929
046940,0,0,0,0,0,0,0.0,0,,,20230929
215380,0,0,0,0,0,0,0.0,0,,,20230929
065680,0,0,0,0,0,0,0.0,0,,,20230929
018620,0,0,0,0,0,0,0.0,0,,,20230929
307280,0,0,0,0,0,0,0.0,0,,,20230929
032940,0,0,0,0,0,0,0.0,0,,,20230929
240810,0,0,0,0,0,0,0.0,0,,,20230929
074600,0,0,0,0,0,0,0.0,0,,,20230929
104830,0,0,0,0,0,0,0.0,0,,,20230929
014190,0,0,0,0,0,0,0.0,0,,,20230929
217820,0,0,0,0,0,0,0.0,0,,,20230929
030530,0,0,0,0,0,0,0.0,0,,,20230929
012620,0,0,0,0,0,0,0.0,0,,,20230929
382840,0,0,0,0,0,0,0.0,0,,,20230929
336570,0,0,0,0,0,0,0.0,0,,,20230929
376980,0,0,0,0,0,0,0.0,0,,,20230929
008370,0,0,0,0,0,0,0.0,0,,,20230929
008290,0,0,0,0,0,0,0.0,0,,,20230929
101160,0,0,0,0,0,0,0.0,0,,,20230929
064090,0,0,0,0,0,0,0.0,0,,,20230929
336060,0,0,0,0,0,0,0.0,0,,,20230929
095270,0,0,0,0,0,0,0.0,0,,,20230929
065950,0,0,0,0,0,0,0.0,0,,,20230929
076080,0,0,0,0,0,0,0.0,0,,,20230929
043590,0,0,0,0,0,0,0.0,0,,,20230929
196700,0,0,0,0,0,0,0.0,0,,,20230929
069080,0,0,0,0,0,0,0.0,0,,,20230929
053580,0,0,0,0,0,0,0.0,0,,,20230929
071460,0,0,0,0,0,0,0.0,0,,,20230929
377460,0,0,0,0,0,0,0.0,0,,,20230929
044340,0,0,0,0,0,0,0.0,0,,,20230929
330350,0,0,0,0,0,0,0.0,0,,,20230929
348350,0,0,0,0,0,0,0.0,0,,,20230929
112040,0,0,0,0,0,0,0.0,0,,,20230929
101730,0,0,0,0,0,0,0.0,0,,,20230929
123420,0,0,0,0,0,0,0.0,0,,,20230929
065370,0,0,0,0,0,0,0.0,0,,,20230929
038620,0,0,0,0,0,0,0.0,0,,,20230929
299900,0,0,0,0,0,0,0.0,0,,,20230929
036090,0,0,0,0,0,0,0.0,0,,,20230929
136540,0,0,0,0,0,0,0.0,0,,,20230929
320000,0,0,0,0,0,0,0.0,0,,,20230929
097800,0,0,0,0,0,0,0.0,0,,,20230929
192390,0,0,0,0,0,0,0.0,0,,,20230929
313760,0,0,0,0,0,0,0.0,0,,,20230929
335870,0,0,0,0,0,0,0.0,0,,,20230929
900340,0,0,0,0,0,0,0.0,0,,,20230929
036200,0,0,0,0,0,0,0.0,0,,,20230929
018000,0,0,0,0,0,0,0.0,0,,,20230929
203450,0,0,0,0,0,0,0.0,0,,,20230929
011320,0,0,0,0,0,0,0.0,0,,,20230929
086390,0,0,0,0,0,0,0.0,0,,,20230929
241690,0,0,0,0,0,0,0.0,0,,,20230929
142210,0,0,0,0,0,0,0.0,0,,,20230929
048430,0,0,0,0,0,0,0.0,0,,,20230929
206650,0,0,0,0,0,0,0.0,0,,,20230929
089850,0,0,0,0,0,0,0.0,0,,,20230929
084440,0,0,0,0,0,0,0.0,0,,,20230929
032620,0,0,0,0,0,0,0.0,0,,,20230929
264450,0,0,0,0,0,0,0.0,0,,,20230929
078070,0,0,0,0,0,0,0.0,0,,,20230929
024800,0,0,0,0,0,0,0.0,0,,,20230929
054930,0,0,0,0,0,0,0.0,0,,,20230929
069330,0,0,0,0,0,0,0.0,0,,,20230929
049520,0,0,0,0,0,0,0.0,0,,,20230929
435380,0,0,0,0,0,0,0.0,0,,,20230929
444920,0,0,0,0,0,0,0.0,0,,,20230929
446150,0,0,0,0,0,0,0.0,0,,,20230929
449020,0,0,0,0,0,0,0.0,0,,,20230929
450940,0,0,0,0,0,0,0.0,0,,,20230929
430700,0,0,0,0,0,0,0.0,0,,,20230929
263770,0,0,0,0,0,0,0.0,0,,,20230929
388720,0,0,0,0,0,0,0.0,0,,,20230929
340930,0,0,0,0,0,0,0.0,0,,,20230929
023410,0,0,0,0,0,0,0.0,0,,,20230929
056080,0,0,0,0,0,0,0.0,0,,,20230929
373340,0,0,0,0,0,0,0.0,0,,,20230929
388800,0,0,0,0,0,0,0.0,0,,,20230929
413630,0,0,0,0,0,0,0.0,0,,,20230929
442130,0,0,0,0,0,0,0.0,0,,,20230929
084370,0,0,0,0,0,0,0.0,0,,,20230929
179900,0,0,0,0,0,0,0.0,0,,,20230929
263050,0,0,0,0,0,0,0.0,0,,,20230929
191410,0,0,0,0,0,0,0.0,0,,,20230929
372170,0,0,0,0,0,0,0.0,0,,,20230929
146060,0,0,0,0,0,0,0.0,0,,,20230929
072770,0,0,0,0,0,0,0.0,0,,,20230929
039020,0,0,0,0,0,0,0.0,0,,,20230929
067920,0,0,0,0,0,0,0.0,0,,,20230929
044960,0,0,0,0,0,0,0.0,0,,,20230929
303530,0,0,0,0,0,0,0.0,0,,,20230929
296640,0,0,0,0,0,0,0.0,0,,,20230929
302430,0,0,0,0,0,0,0.0,0,,,20230929
274400,0,0,0,0,0,0,0.0,0,,,20230929
056090,0,0,0,0,0,0,0.0,0,,,20230929
073490,0,0,0,0,0,0,0.0,0,,,20230929
215790,0,0,0,0,0,0,0.0,0,,,20230929
344860,0,0,0,0,0,0,0.0,0,,,20230929
246960,0,0,0,0,0,0,0.0,0,,,20230929
088390,0,0,0,0,0,0,0.0,0,,,20230929
272290,0,0,0,0,0,0,0.0,0,,,20230929
053350,0,0,0,0,0,0,0.0,0,,,20230929
041520,0,0,0,0,0,0,0.0,0,,,20230929
264850,0,0,0,0,0,0,0.0,0,,,20230929
054210,0,0,0,0,0,0,0.0,0,,,20230929
164060,0,0,0,0,0,0,0.0,0,,,20230929
065440,0,0,0,0,0,0,0.0,0,,,20230929
115610,0,0,0,0,0,0,0.0,0,,,20230929
078020,0,0,0,0,0,0,0.0,0,,,20230929
131400,0,0,0,0,0,0,0.0,0,,,20230929
351330,0,0,0,0,0,0,0.0,0,,,20230929
080010,0,0,0,0,0,0,0.0,0,,,20230929
086890,0,0,0,0,0,0,0.0,0,,,20230929
047560,0,0,0,0,0,0,0.0,0,,,20230929
900110,0,0,0,0,0,0,0.0,0,,,20230929
067010,0,0,0,0,0,0,0.0,0,,,20230929
102710,0,0,0,0,0,0,0.0,0,,,20230929
066980,0,0,0,0,0,0,0.0,0,,,20230929
063760,0,0,0,0,0,0,0.0,0,,,20230929
123570,0,0,0,0,0,0,0.0,0,,,20230929
083470,0,0,0,0,0,0,0.0,0,,,20230929
095190,0,0,0,0,0,0,0.0,0,,,20230929
091120,0,0,0,0,0,0,0.0,0,,,20230929
039030,0,0,0,0,0,0,0.0,0,,,20230929
294090,0,0,0,0,0,0,0.0,0,,,20230929
088290,0,0,0,0,0,0,0.0,0,,,20230929
181340,0,0,0,0,0,0,0.0,0,,,20230929
353810,0,0,0,0,0,0,0.0,0,,,20230929
099750,0,0,0,0,0,0,0.0,0,,,20230929
377330,0,0,0,0,0,0,0.0,0,,,20230929
035810,0,0,0,0,0,0,0.0,0,,,20230929
160600,0,0,0,0,0,0,0.0,0,,,20230929
092130,0,0,0,0,0,0,0.0,0,,,20230929
096040,0,0,0,0,0,0,0.0,0,,,20230929
134060,0,0,0,0,0,0,0.0,0,,,20230929
001840,0,0,0,0,0,0,0.0,0,,,20230929
024810,0,0,0,0,0,0,0.0,0,,,20230929
041830,0,0,0,0,0,0,0.0,0,,,20230929
352940,0,0,0,0,0,0,0.0,0,,,20230929
079950,0,0,0,0,0,0,0.0,0,,,20230929
389470,0,0,0,0,0,0,0.0,0,,,20230929
277410,0,0,0,0,0,0,0.0,0,,,20230929
060150,0,0,0,0,0,0,0.0,0,,,20230929
033230,0,0,0,0,0,0,0.0,0,,,20230929
450520,0,0,0,0,0,0,0.0,0,,,20230929
037330,0,0,0,0,0,0,0.0,0,,,20230929
100030,0,0,0,0,0,0,0.0,0,,,20230929
211050,0,0,0,0,0,0,0.0,0,,,20230929
083640,0,0,0,0,0,0,0.0,0,,,20230929
216050,0,0,0,0,0,0,0.0,0,,,20230929
049070,0,0,0,0,0,0,0.0,0,,,20230929
119610,0,0,0,0,0,0,0.0,0,,,20230929
017250,0,0,0,0,0,0,0.0,0,,,20230929
051370,0,0,0,0,0,0,0.0,0,,,20230929
064290,0,0,0,0,0,0,0.0,0,,,20230929
189300,0,0,0,0,0,0,0.0,0,,,20230929
150840,0,0,0,0,0,0,0.0,0,,,20230929
048530,0,0,0,0,0,0,0.0,0,,,20230929
175140,0,0,0,0,0,0,0.0,0,,,20230929
115310,0,0,0,0,0,0,0.0,0,,,20230929
039290,0,0,0,0,0,0,0.0,0,,,20230929
071200,0,0,0,0,0,0,0.0,0,,,20230929
101930,0,0,0,0,0,0,0.0,0,,,20230929
333430,0,0,0,0,0,0,0.0,0,,,20230929
068330,0,0,0,0,0,0,0.0,0,,,20230929
178780,0,0,0,0,0,0,0.0,0,,,20230929
019540,0,0,0,0,0,0,0.0,0,,,20230929
094820,0,0,0,0,0,0,0.0,0,,,20230929
950140,0,0,0,0,0,0,0.0,0,,,20230929
049550,0,0,0,0,0,0,0.0,0,,,20230929
389020,0,0,0,0,0,0,0.0,0,,,20230929
254120,0,0,0,0,0,0,0.0,0,,,20230929
043910,0,0,0,0,0,0,0.0,0,,,20230929
234920,0,0,0,0,0,0,0.0,0,,,20230929
289220,0,0,0,0,0,0,0.0,0,,,20230929
174880,0,0,0,0,0,0,0.0,0,,,20230929
049630,0,0,0,0,0,0,0.0,0,,,20230929
417840,0,0,0,0,0,0,0.0,0,,,20230929
110020,0,0,0,0,0,0,0.0,0,,,20230929
208140,0,0,0,0,0,0,0.0,0,,,20230929
040420,0,0,0,0,0,0,0.0,0,,,20230929
045510,0,0,0,0,0,0,0.0,0,,,20230929
217190,0,0,0,0,0,0,0.0,0,,,20230929
095700,0,0,0,0,0,0,0.0,0,,,20230929
072520,0,0,0,0,0,0,0.0,0,,,20230929
122310,0,0,0,0,0,0,0.0,0,,,20230929
361390,0,0,0,0,0,0,0.0,0,,,20230929
187420,0,0,0,0,0,0,0.0,0,,,20230929
225220,0,0,0,0,0,0,0.0,0,,,20230929
123330,0,0,0,0,0,0,0.0,0,,,20230929
159580,0,0,0,0,0,0,0.0,0,,,20230929
147830,0,0,0,0,0,0,0.0,0,,,20230929
033100,0,0,0,0,0,0,0.0,0,,,20230929
079370,0,0,0,0,0,0,0.0,0,,,20230929
054950,0,0,0,0,0,0,0.0,0,,,20230929
023440,0,0,0,0,0,0,0.0,0,,,20230929
090470,0,0,0,0,0,0,0.0,0,,,20230929
287410,0,0,0,0,0,0,0.0,0,,,20230929
137950,0,0,0,0,0,0,0.0,0,,,20230929
033320,0,0,0,0,0,0,0.0,0,,,20230929
417500,0,0,0,0,0,0,0.0,0,,,20230929
204270,0,0,0,0,0,0,0.0,0,,,20230929
026040,0,0,0,0,0,0,0.0,0,,,20230929
126880,0,0,0,0,0,0,0.0,0,,,20230929
322510,0,0,0,0,0,0,0.0,0,,,20230929
033050,0,0,0,0,0,0,0.0,0,,,20230929
094970,0,0,0,0,0,0,0.0,0,,,20230929
418550,0,0,0,0,0,0,0.0,0,,,20230929
089790,0,0,0,0,0,0,0.0,0,,,20230929
052670,0,0,0,0,0,0,0.0,0,,,20230929
199820,0,0,0,0,0,0,0.0,0,,,20230929
038010,0,0,0,0,0,0,0.0,0,,,20230929
276730,0,0,0,0,0,0,0.0,0,,,20230929
080220,0,0,0,0,0,0,0.0,0,,,20230929
216080,0,0,0,0,0,0,0.0,0,,,20230929
229000,0,0,0,0,0,0,0.0,0,,,20230929
082270,0,0,0,0,0,0,0.0,0,,,20230929
064800,0,0,0,0,0,0,0.0,0,,,20230929
044060,0,0,0,0,0,0,0.0,0,,,20230929
034940,0,0,0,0,0,0,0.0,0,,,20230929
067000,0,0,0,0,0,0,0.0,0,,,20230929
033340,0,0,0,0,0,0,0.0,0,,,20230929
036930,0,0,0,0,0,0,0.0,0,,,20230929
239340,0,0,0,0,0,0,0.0,0,,,20230929
072020,0,0,0,0,0,0,0.0,0,,,20230929
000440,0,0,0,0,0,0,0.0,0,,,20230929
051980,0,0,0,0,0,0,0.0,0,,,20230929
228760,0,0,0,0,0,0,0.0,0,,,20230929
314130,0,0,0,0,0,0,0.0,0,,,20230929
389030,0,0,0,0,0,0,0.0,0,,,20230929
043610,0,0,0,0,0,0,0.0,0,,,20230929
263860,0,0,0,0,0,0,0.0,0,,,20230929
303030,0,0,0,0,0,0,0.0,0,,,20230929
036180,0,0,0,0,0,0,0.0,0,,,20230929
208350,0,0,0,0,0,0,0.0,0,,,20230929
144510,0,0,0,0,0,0,0.0,0,,,20230929
358570,0,0,0,0,0,0,0.0,0,,,20230929
382480,0,0,0,0,0,0,0.0,0,,,20230929
382800,0,0,0,0,0,0,0.0,0,,,20230929
051160,0,0,0,0,0,0,0.0,0,,,20230929
053050,0,0,0,0,0,0,0.0,0,,,20230929
119850,0,0,0,0,0,0,0.0,0,,,20230929
065060,0,0,0,0,0,0,0.0,0,,,20230929
204840,0,0,0,0,0,0,0.0,0,,,20230929
270520,0,0,0,0,0,0,0.0,0,,,20230929
311320,0,0,0,0,0,0,0.0,0,,,20230929
388050,0,0,0,0,0,0,0.0,0,,,20230929
219750,0,0,0,0,0,0,0.0,0,,,20230929
018120,0,0,0,0,0,0,0.0,0,,,20230929
109820,0,0,0,0,0,0,0.0,0,,,20230929
086060,0,0,0,0,0,0,0.0,0,,,20230929
036890,0,0,0,0,0,0,0.0,0,,,20230929
363250,0,0,0,0,0,0,0.0,0,,,20230929
007370,0,0,0,0,0,0,0.0,0,,,20230929
285800,0,0,0,0,0,0,0.0,0,,,20230929
085660,0,0,0,0,0,0,0.0,0,,,20230929
261780,0,0,0,0,0,0,0.0,0,,,20230929
094850,0,0,0,0,0,0,0.0,0,,,20230929
004650,0,0,0,0,0,0,0.0,0,,,20230929
278280,0,0,0,0,0,0,0.0,0,,,20230929
362320,0,0,0,0,0,0,0.0,0,,,20230929
066360,0,0,0,0,0,0,0.0,0,,,20230929
047820,0,0,0,0,0,0,0.0,0,,,20230929
094360,0,0,0,0,0,0,0.0,0,,,20230929
016790,0,0,0,0,0,0,0.0,0,,,20230929
016920,0,0,0,0,0,0,0.0,0,,,20230929
284620,0,0,0,0,0,0,0.0,0,,,20230929
293490,0,0,0,0,0,0,0.0,0,,,20230929
042000,0,0,0,0,0,0,0.0,0,,,20230929
317530,0,0,0,0,0,0,0.0,0,,,20230929
071850,0,0,0,0,0,0,0.0,0,,,20230929
050110,0,0,0,0,0,0,0.0,0,,,20230929
119860,0,0,0,0,0,0,0.0,0,,,20230929
223310,0,0,0,0,0,0,0.0,0,,,20230929
900310,0,0,0,0,0,0,0.0,0,,,20230929
078340,0,0,0,0,0,0,0.0,0,,,20230929
063080,0,0,0,0,0,0,0.0,0,,,20230929
307930,0,0,0,0,0,0,0.0,0,,,20230929
079190,0,0,0,0,0,0,0.0,0,,,20230929
263700,0,0,0,0,0,0,0.0,0,,,20230929
214370,0,0,0,0,0,0,0.0,0,,,20230929
221980,0,0,0,0,0,0,0.0,0,,,20230929
038530,0,0,0,0,0,0,0.0,0,,,20230929
424140,0,0,0,0,0,0,0.0,0,,,20230929
436530,0,0,0,0,0,0,0.0,0,,,20230929
440200,0,0,0,0,0,0,0.0,0,,,20230929
192250,0,0,0,0,0,0,0.0,0,,,20230929
115500,0,0,0,0,0,0,0.0,0,,,20230929
089150,0,0,0,0,0,0,0.0,0,,,20230929
025880,0,0,0,0,0,0,0.0,0,,,20230929
093320,0,0,0,0,0,0,0.0,0,,,20230929
093640,0,0,0,0,0,0,0.0,0,,,20230929
073010,0,0,0,0,0,0,0.0,0,,,20230929
105330,0,0,0,0,0,0,0.0,0,,,20230929
053080,0,0,0,0,0,0,0.0,0,,,20230929
272110,0,0,0,0,0,0,0.0,0,,,20230929
039420,0,0,0,0,0,0,0.0,0,,,20230929
083550,0,0,0,0,0,0,0.0,0,,,20230929
032500,0,0,0,0,0,0,0.0,0,,,20230929
225430,0,0,0,0,0,0,0.0,0,,,20230929
102370,0,0,0,0,0,0,0.0,0,,,20230929
036030,0,0,0,0,0,0,0.0,0,,,20230929
064820,0,0,0,0,0,0,0.0,0,,,20230929
256940,0,0,0,0,0,0,0.0,0,,,20230929
024880,0,0,0,0,0,0,0.0,0,,,20230929
042040,0,0,0,0,0,0,0.0,0,,,20230929
054410,0,0,0,0,0,0,0.0,0,,,20230929
258610,0,0,0,0,0,0,0.0,0,,,20230929
274090,0,0,0,0,0,0,0.0,0,,,20230929
089010,0,0,0,0,0,0,0.0,0,,,20230929
220260,0,0,0,0,0,0,0.0,0,,,20230929
052400,0,0,0,0,0,0,0.0,0,,,20230929
402030,0,0,0,0,0,0,0.0,0,,,20230929
391710,0,0,0,0,0,0,0.0,0,,,20230929
046070,0,0,0,0,0,0,0.0,0,,,20230929
047770,0,0,0,0,0,0,0.0,0,,,20230929
078940,0,0,0,0,0,0,0.0,0,,,20230929
080530,0,0,0,0,0,0,0.0,0,,,20230929
104540,0,0,0,0,0,0,0.0,0,,,20230929
027050,0,0,0,0,0,0,0.0,0,,,20230929
190650,0,0,0,0,0,0,0.0,0,,,20230929
123410,0,0,0,0,0,0,0.0,0,,,20230929
036690,0,0,0,0,0,0,0.0,0,,,20230929
049430,0,0,0,0,0,0,0.0,0,,,20230929
183300,0,0,0,0,0,0,0.0,0,,,20230929
041960,0,0,0,0,0,0,0.0,0,,,20230929
089890,0,0,0,0,0,0,0.0,0,,,20230929
009730,0,0,0,0,0,0,0.0,0,,,20230929
082660,0,0,0,0,0,0,0.0,0,,,20230929
222040,0,0,0,0,0,0,0.0,0,,,20230929
241710,0,0,0,0,0,0,0.0,0,,,20230929
069110,0,0,0,0,0,0,0.0,0,,,20230929
355150,0,0,0,0,0,0,0.0,0,,,20230929
166480,0,0,0,0,0,0,0.0,0,,,20230929
045970,0,0,0,0,0,0,0.0,0,,,20230929
196450,0,0,0,0,0,0,0.0,0,,,20230929
384470,0,0,0,0,0,0,0.0,0,,,20230929
029960,0,0,0,0,0,0,0.0,0,,,20230929
102940,0,0,0,0,0,0,0.0,0,,,20230929
950160,0,0,0,0,0,0,0.0,0,,,20230929
033290,0,0,0,0,0,0,0.0,0,,,20230929
056360,0,0,0,0,0,0,0.0,0,,,20230929
282880,0,0,0,0,0,0,0.0,0,,,20230929
121850,0,0,0,0,0,0,0.0,0,,,20230929
448710,0,0,0,0,0,0,0.0,0,,,20230929
015710,0,0,0,0,0,0,0.0,0,,,20230929
052330,0,0,0,0,0,0,0.0,0,,,20230929
322780,0,0,0,0,0,0,0.0,0,,,20230929
200130,0,0,0,0,0,0,0.0,0,,,20230929
294570,0,0,0,0,0,0,0.0,0,,,20230929
317690,0,0,0,0,0,0,0.0,0,,,20230929
365270,0,0,0,0,0,0,0.0,0,,,20230929
348080,0,0,0,0,0,0,0.0,0,,,20230929
060280,0,0,0,0,0,0,0.0,0,,,20230929
040350,0,0,0,0,0,0,0.0,0,,,20230929
051780,0,0,0,0,0,0,0.0,0,,,20230929
115180,0,0,0,0,0,0,0.0,0,,,20230929
445680,0,0,0,0,0,0,0.0,0,,,20230929
182360,0,0,0,0,0,0,0.0,0,,,20230929
405100,0,0,0,0,0,0,0.0,0,,,20230929
066310,0,0,0,0,0,0,0.0,0,,,20230929
016600,0,0,0,0,0,0,0.0,0,,,20230929
355390,0,0,0,0,0,0,0.0,0,,,20230929
096240,0,0,0,0,0,0,0.0,0,,,20230929
114120,0,0,0,0,0,0,0.0,0,,,20230929
110790,0,0,0,0,0,0,0.0,0,,,20230929
900250,0,0,0,0,0,0,0.0,0,,,20230929
045520,0,0,0,0,0,0,0.0,0,,,20230929
036170,0,0,0,0,0,0,0.0,0,,,20230929
214150,0,0,0,0,0,0,0.0,0,,,20230929
352770,0,0,0,0,0,0,0.0,0,,,20230929
237880,0,0,0,0,0,0,0.0,0,,,20230929
139670,0,0,0,0,0,0,0.0,0,,,20230929
413600,0,0,0,0,0,0,0.0,0,,,20230929
433530,0,0,0,0,0,0,0.0,0,,,20230929
446840,0,0,0,0,0,0,0.0,0,,,20230929
054780,0,0,0,0,0,0,0.0,0,,,20230929
219130,0,0,0,0,0,0,0.0,0,,,20230929
360070,0,0,0,0,0,0,0.0,0,,,20230929
065130,0,0,0,0,0,0,0.0,0,,,20230929
134580,0,0,0,0,0,0,0.0,0,,,20230929
023160,0,0,0,0,0,0,0.0,0,,,20230929
323280,0,0,0,0,0,0,0.0,0,,,20230929
053620,0,0,0,0,0,0,0.0,0,,,20230929
044490,0,0,0,0,0,0,0.0,0,,,20230929
124560,0,0,0,0,0,0,0.0,0,,,20230929
191420,0,0,0,0,0,0,0.0,0,,,20230929
073640,0,0,0,0,0,0,0.0,0,,,20230929
066700,0,0,0,0,0,0,0.0,0,,,20230929
095610,0,0,0,0,0,0,0.0,0,,,20230929
064520,0,0,0,0,0,0,0.0,0,,,20230929
089030,0,0,0,0,0,0,0.0,0,,,20230929
054450,0,0,0,0,0,0,0.0,0,,,20230929
091440,0,0,0,0,0,0,0.0,0,,,20230929
200230,0,0,0,0,0,0,0.0,0,,,20230929
393210,0,0,0,0,0,0,0.0,0,,,20230929
215480,0,0,0,0,0,0,0.0,0,,,20230929
051360,0,0,0,0,0,0,0.0,0,,,20230929
045340,0,0,0,0,0,0,0.0,0,,,20230929
108230,0,0,0,0,0,0,0.0,0,,,20230929
079970,0,0,0,0,0,0,0.0,0,,,20230929
199800,0,0,0,0,0,0,0.0,0,,,20230929
417790,0,0,0,0,0,0,0.0,0,,,20230929
105550,0,0,0,0,0,0,0.0,0,,,20230929
290090,0,0,0,0,0,0,0.0,0,,,20230929
026150,0,0,0,0,0,0,0.0,0,,,20230929
322180,0,0,0,0,0,0,0.0,0,,,20230929
117730,0,0,0,0,0,0,0.0,0,,,20230929
033830,0,0,0,0,0,0,0.0,0,,,20230929
057680,0,0,0,0,0,0,0.0,0,,,20230929
204610,0,0,0,0,0,0,0.0,0,,,20230929
064760,0,0,0,0,0,0,0.0,0,,,20230929
246710,0,0,0,0,0,0,0.0,0,,,20230929
340570,0,0,0,0,0,0,0.0,0,,,20230929
043220,0,0,0,0,0,0,0.0,0,,,20230929
277880,0,0,0,0,0,0,0.0,0,,,20230929
131290,0,0,0,0,0,0,0.0,0,,,20230929
425420,0,0,0,0,0,0,0.0,0,,,20230929
131100,0,0,0,0,0,0,0.0,0,,,20230929
356860,0,0,0,0,0,0,0.0,0,,,20230929
062860,0,0,0,0,0,0,0.0,0,,,20230929
321550,0,0,0,0,0,0,0.0,0,,,20230929
425040,0,0,0,0,0,0,0.0,0,,,20230929
104480,0,0,0,0,0,0,0.0,0,,,20230929
081150,0,0,0,0,0,0,0.0,0,,,20230929
130740,0,0,0,0,0,0,0.0,0,,,20230929
084730,0,0,0,0,0,0,0.0,0,,,20230929
058530,0,0,0,0,0,0,0.0,0,,,20230929
440110,0,0,0,0,0,0,0.0,0,,,20230929
034230,0,0,0,0,0,0,0.0,0,,,20230929
033540,0,0,0,0,0,0,0.0,0,,,20230929
388870,0,0,0,0,0,0,0.0,0,,,20230929
043200,0,0,0,0,0,0,0.0,0,,,20230929
214450,0,0,0,0,0,0,0.0,0,,,20230929
208340,0,0,0,0,0,0,0.0,0,,,20230929
177830,0,0,0,0,0,0,0.0,0,,,20230929
037070,0,0,0,0,0,0,0.0,0,,,20230929
150900,0,0,0,0,0,0,0.0,0,,,20230929
037030,0,0,0,0,0,0,0.0,0,,,20230929
047310,0,0,0,0,0,0,0.0,0,,,20230929
368770,0,0,0,0,0,0,0.0,0,,,20230929
170790,0,0,0,0,0,0,0.0,0,,,20230929
049120,0,0,0,0,0,0,0.0,0,,,20230929
038950,0,0,0,0,0,0,0.0,0,,,20230929
441270,0,0,0,0,0,0,0.0,0,,,20230929
106240,0,0,0,0,0,0,0.0,0,,,20230929
131760,0,0,0,0,0,0,0.0,0,,,20230929
065690,0,0,0,0,0,0,0.0,0,,,20230929
140860,0,0,0,0,0,0,0.0,0,,,20230929
091700,0,0,0,0,0,0,0.0,0,,,20230929
032800,0,0,0,0,0,0,0.0,0,,,20230929
318010,0,0,0,0,0,0,0.0,0,,,20230929
027710,0,0,0,0,0,0,0.0,0,,,20230929
225590,0,0,0,0,0,0,0.0,0,,,20230929
054300,0,0,0,0,0,0,0.0,0,,,20230929
068050,0,0,0,0,0,0,0.0,0,,,20230929
222110,0,0,0,0,0,0,0.0,0,,,20230929
271830,0,0,0,0,0,0,0.0,0,,,20230929
263750,0,0,0,0,0,0,0.0,0,,,20230929
251970,0,0,0,0,0,0,0.0,0,,,20230929
168360,0,0,0,0,0,0,0.0,0,,,20230929
087010,0,0,0,0,0,0,0.0,0,,,20230929
119500,0,0,0,0,0,0,0.0,0,,,20230929
389140,0,0,0,0,0,0,0.0,0,,,20230929
022100,0,0,0,0,0,0,0.0,0,,,20230929
009520,0,0,0,0,0,0,0.0,0,,,20230929
189690,0,0,0,0,0,0,0.0,0,,,20230929
318020,0,0,0,0,0,0,0.0,0,,,20230929
256630,0,0,0,0,0,0,0.0,0,,,20230929
331380,0,0,0,0,0,0,0.0,0,,,20230929
234100,0,0,0,0,0,0,0.0,0,,,20230929
041020,0,0,0,0,0,0,0.0,0,,,20230929
114630,0,0,0,0,0,0,0.0,0,,,20230929
290720,0,0,0,0,0,0,0.0,0,,,20230929
005670,0,0,0,0,0,0,0.0,0,,,20230929
094940,0,0,0,0,0,0,0.0,0,,,20230929
007330,0,0,0,0,0,0,0.0,0,,,20230929
093380,0,0,0,0,0,0,0.0,0,,,20230929
023900,0,0,0,0,0,0,0.0,0,,,20230929
371950,0,0,0,0,0,0,0.0,0,,,20230929
370090,0,0,0,0,0,0,0.0,0,,,20230929
220100,0,0,0,0,0,0,0.0,0,,,20230929
035200,0,0,0,0,0,0,0.0,0,,,20230929
334970,0,0,0,0,0,0,0.0,0,,,20230929
321260,0,0,0,0,0,0,0.0,0,,,20230929
303360,0,0,0,0,0,0,0.0,0,,,20230929
053610,0,0,0,0,0,0,0.0,0,,,20230929
377220,0,0,0,0,0,0,0.0,0,,,20230929
335810,0,0,0,0,0,0,0.0,0,,,20230929
053160,0,0,0,0,0,0,0.0,0,,,20230929
405000,0,0,0,0,0,0,0.0,0,,,20230929
041590,0,0,0,0,0,0,0.0,0,,,20230929
367000,0,0,0,0,0,0,0.0,0,,,20230929
075130,0,0,0,0,0,0,0.0,0,,,20230929
237820,0,0,0,0,0,0,0.0,0,,,20230929
023770,0,0,0,0,0,0,0.0,0,,,20230929
300080,0,0,0,0,0,0,0.0,0,,,20230929
032580,0,0,0,0,0,0,0.0,0,,,20230929
051380,0,0,0,0,0,0,0.0,0,,,20230929
241820,0,0,0,0,0,0,0.0,0,,,20230929
237750,0,0,0,0,0,0,0.0,0,,,20230929
319660,0,0,0,0,0,0,0.0,0,,,20230929
031980,0,0,0,0,0,0,0.0,0,,,20230929
002230,0,0,0,0,0,0,0.0,0,,,20230929
057880,0,0,0,0,0,0,0.0,0,,,20230929
043370,0,0,0,0,0,0,0.0,0,,,20230929
239890,0,0,0,0,0,0,0.0,0,,,20230929
347740,0,0,0,0,0,0,0.0,0,,,20230929
137400,0,0,0,0,0,0,0.0,0,,,20230929
147760,0,0,0,0,0,0,0.0,0,,,20230929
128660,0,0,0,0,0,0,0.0,0,,,20230929
006140,0,0,0,0,0,0,0.0,0,,,20230929
376180,0,0,0,0,0,0,0.0,0,,,20230929
304840,0,0,0,0,0,0,0.0,0,,,20230929
062970,0,0,0,0,0,0,0.0,0,,,20230929
087600,0,0,0,0,0,0,0.0,0,,,20230929
291810,0,0,0,0,0,0,0.0,0,,,20230929
378340,0,0,0,0,0,0,0.0,0,,,20230929
161580,0,0,0,0,0,0,0.0,0,,,20230929
347770,0,0,0,0,0,0,0.0,0,,,20230929
163730,0,0,0,0,0,0,0.0,0,,,20230929
417180,0,0,0,0,0,0,0.0,0,,,20230929
446750,0,0,0,0,0,0,0.0,0,,,20230929
448370,0,0,0,0,0,0,0.0,0,,,20230929
454750,0,0,0,0,0,0,0.0,0,,,20230929
454640,0,0,0,0,0,0,0.0,0,,,20230929
406760,0,0,0,0,0,0,0.0,0,,,20230929
418170,0,0,0,0,0,0,0.0,0,,,20230929
427950,0,0,0,0,0,0,0.0,0,,,20230929
430230,0,0,0,0,0,0,0.0,0,,,20230929
435620,0,0,0,0,0,0,0.0,0,,,20230929
299030,0,0,0,0,0,0,0.0,0,,,20230929
067310,0,0,0,0,0,0,0.0,0,,,20230929
372290,0,0,0,0,0,0,0.0,0,,,20230929
166090,0,0,0,0,0,0,0.0,0,,,20230929
136480,0,0,0,0,0,0,0.0,0,,,20230929
003380,0,0,0,0,0,0,0.0,0,,,20230929
101670,0,0,0,0,0,0,0.0,0,,,20230929
365590,0,0,0,0,0,0,0.0,0,,,20230929
149980,0,0,0,0,0,0,0.0,0,,,20230929
013030,0,0,0,0,0,0,0.0,0,,,20230929
126700,0,0,0,0,0,0,0.0,0,,,20230929
106080,0,0,0,0,0,0,0.0,0,,,20230929
377400,0,0,0,0,0,0,0.0,0,,,20230929
400840,0,0,0,0,0,0,0.0,0,,,20230929
450050,0,0,0,0,0,0,0.0,0,,,20230929
221840,0,0,0,0,0,0,0.0,0,,,20230929
106190,0,0,0,0,0,0,0.0,0,,,20230929
373200,0,0,0,0,0,0,0.0,0,,,20230929
066130,0,0,0,0,0,0,0.0,0,,,20230929
004590,0,0,0,0,0,0,0.0,0,,,20230929
039340,0,0,0,0,0,0,0.0,0,,,20230929
034950,0,0,0,0,0,0,0.0,0,,,20230929
222980,0,0,0,0,0,0,0.0,0,,,20230929
256840,0,0,0,0,0,0,0.0,0,,,20230929
025550,0,0,0,0,0,0,0.0,0,,,20230929
017890,0,0,0,0,0,0,0.0,0,,,20230929
080720,0,0,0,0,0,0,0.0,0,,,20230929
063570,0,0,0,0,0,0,0.0,0,,,20230929
041460,0,0,0,0,0,0,0.0,0,,,20230929
101680,0,0,0,0,0,0,0.0,0,,,20230929
039740,0,0,0,0,0,0,0.0,0,,,20230929
053300,0,0,0,0,0,0,0.0,0,,,20230929
025770,0,0,0,0,0,0,0.0,0,,,20230929
436610,0,0,0,0,0,0,0.0,0,,,20230929
458610,0,0,0,0,0,0,0.0,0,,,20230929
023760,0,0,0,0,0,0,0.0,0,,,20230929
054040,0,0,0,0,0,0,0.0,0,,,20230929
021650,0,0,0,0,0,0,0.0,0,,,20230929
053590,0,0,0,0,0,0,0.0,0,,,20230929
032300,0,0,0,0,0,0,0.0,0,,,20230929
037230,0,0,0,0,0,0,0.0,0,,,20230929
030520,0,0,0,0,0,0,0.0,0,,,20230929
052600,0,0,0,0,0,0,0.0,0,,,20230929
256150,0,0,0,0,0,0,0.0,0,,,20230929
092460,0,0,0,0,0,0,0.0,0,,,20230929
047080,0,0,0,0,0,0,0.0,0,,,20230929
114810,0,0,0,0,0,0,0.0,0,,,20230929
070590,0,0,0,0,0,0,0.0,0,,,20230929
226440,0,0,0,0,0,0,0.0,0,,,20230929
042520,0,0,0,0,0,0,0.0,0,,,20230929
078350,0,0,0,0,0,0,0.0,0,,,20230929
045100,0,0,0,0,0,0,0.0,0,,,20230929
024740,0,0,0,0,0,0,0.0,0,,,20230929
005860,0,0,0,0,0,0,0.0,0,,,20230929
123840,0,0,0,0,0,0,0.0,0,,,20230929
007770,0,0,0,0,0,0,0.0,0,,,20230929
198940,0,0,0,0,0,0,0.0,0,,,20230929
079170,0,0,0,0,0,0,0.0,0,,,20230929
054920,0,0,0,0,0,0,0.0,0,,,20230929
002680,0,0,0,0,0,0,0.0,0,,,20230929
386580,0,0,0,0,0,0,0.0,0,,,20230929
430460,0,0,0,0,0,0,0.0,0,,,20230929
455310,0,0,0,0,0,0,0.0,0,,,20230929
034810,0,0,0,0,0,0,0.0,0,,,20230929
03481K,0,0,0,0,0,0,0.0,0,,,20230929
076610,0,0,0,0,0,0,0.0,0,,,20230929
059270,0,0,0,0,0,0,0.0,0,,,20230929
220180,0,0,0,0,0,0,0.0,0,,,20230929
900270,0,0,0,0,0,0,0.0,0,,,20230929
214180,0,0,0,0,0,0,0.0,0,,,20230929
234340,0,0,0,0,0,0,0.0,0,,,20230929
084990,0,0,0,0,0,0,0.0,0,,,20230929
170030,0,0,0,0,0,0,0.0,0,,,20230929
319400,0,0,0,0,0,0,0.0,0,,,20230929
048410,0,0,0,0,0,0,0.0,0,,,20230929
052260,0,0,0,0,0,0,0.0,0,,,20230929
041440,0,0,0,0,0,0,0.0,0,,,20230929
039010,0,0,0,0,0,0,0.0,0,,,20230929
090850,0,0,0,0,0,0,0.0,0,,,20230929
092300,0,0,0,0,0,0,0.0,0,,,20230929
138360,0,0,0,0,0,0,0.0,0,,,20230929
011080,0,0,0,0,0,0,0.0,0,,,20230929
060560,0,0,0,0,0,0,0.0,0,,,20230929
064240,0,0,0,0,0,0,0.0,0,,,20230929
039610,0,0,0,0,0,0,0.0,0,,,20230929
126640,0,0,0,0,0,0,0.0,0,,,20230929
127980,0,0,0,0,0,0,0.0,0,,,20230929
061250,0,0,0,0,0,0,0.0,0,,,20230929
097870,0,0,0,0,0,0,0.0,0,,,20230929
290270,0,0,0,0,0,0,0.0,0,,,20230929
353190,0,0,0,0,0,0,0.0,0,,,20230929
192410,0,0,0,0,0,0,0.0,0,,,20230929
090710,0,0,0,0,0,0,0.0,0,,,20230929
078590,0,0,0,0,0,0,0.0,0,,,20230929
205470,0,0,0,0,0,0,0.0,0,,,20230929
115160,0,0,0,0,0,0,0.0,0,,,20230929
028080,0,0,0,0,0,0,0.0,0,,,20230929
200670,0,0,0,0,0,0,0.0,0,,,20230929
065510,0,0,0,0,0,0,0.0,0,,,20230929
215090,0,0,0,0,0,0,0.0,0,,,20230929
263920,0,0,0,0,0,0,0.0,0,,,20230929
243070,0,0,0,0,0,0,0.0,0,,,20230929
084110,0,0,0,0,0,0,0.0,0,,,20230929
145020,0,0,0,0,0,0,0.0,0,,,20230929
024060,0,0,0,0,0,0,0.0,0,,,20230929
010240,0,0,0,0,0,0,0.0,0,,,20230929
189980,0,0,0,0,0,0,0.0,0,,,20230929
037440,0,0,0,0,0,0,0.0,0,,,20230929
238490,0,0,0,0,0,0,0.0,0,,,20230929
